Date,Inv,Est,Order,Client,Descrip,Thk,Wd,Length,Piece_price,KG_price,Quantity,Total
01-02-2024,0339387,11,366118-20,MAQENGE,"TIRA FF BOB 0,60 SAE1006 OL","0,6000","290,0000","0,0000","0,00","7,72","1.787,00","14.244,00"
01-02-2024,0339344,11,366547-20,METALMATRIX,"TIRA ZC BOB 1,95 NBR7008 ZC CR MI RV Z","1,9500","87,0000","0,0000","0,00","7,92","10.867,00","88.863,81"
01-02-2024,0339383,11,365303-20,FLANTECH,"TIRA ZC BOB 1,25 NBR7008 ZC CR MI REV","1,2500","23,5000","0,0000","0,00","9,95","3.146,00","32.320,04"
01-02-2024,0339383,11,365303-30,FLANTECH,"TIRA ZC BOB 1,25 NBR7008 ZC CR MI REV","1,2500","23,5000","0,0000","0,00","9,95","1.778,00","18.266,06"
01-02-2024,0339383,11,365303-40,FLANTECH,"TIRA ZC BOB 1,25 NBR7008 ZC CR MI REV","1,2500","138,0000","0,0000","0,00","9,35","1.672,00","16.141,28"
01-03-2024,0340972,11,367810-30,HIDROJET,"CHAPA GR LTQ 8,00 SAE1010","8,0000","1.200,0000","2.930,0000","0,00","5,70","6.873,00","40.449,32"
01-04-2024,0342487,11,369273-10,MOFERKO,"CHAPA GR LTQ 9,50 SAE1045","9,5000","1.200,0000","1.650,0000","0,00","6,67","1.510,00","10.399,03"
01-04-2024,0342488,11,368886-10,METALSTAMP,"TIRA FF BOB 0,30 G4RL BbOL","0,3000","81,0000","0,0000","0,00","11,10","1.391,00","15.941,90"
01-07-2024,0347452,11,375357-10,ACOPLANO,"BOB FQ 3,35 SAE1010 ACAB","3,3500","1.500,0000","0,0000","0,00","5,54","13.685,00","78.278,88"
01-07-2024,0347452,11,375357-20,ACOPLANO,"BOB FQ 3,00 CSN ARQ CIVIL 300-Q03 ACAB","3,0000","1.200,0000","0,0000","0,00","5,54","11.955,00","68.383,20"
01-07-2024,0347483,11,375214-10,METMETALCIN,"TIRA FF BOB 0,30 G2L290 BbOL SMODI","0,3000","298,0000","0,0000","0,00","9,00","1.189,00","11.048,78"
01-08-2024,0349314,11,372729-30,FLANTECH,"TIRA ZC BOB 1,25 NBR7008 ZC CR MI REV","1,2500","23,5000","0,0000","0,00","9,30","5.814,00","55.827,48"
01-08-2024,0349295,11,376142-10,GPANIZ,"CHAPA FQ 4,75 NBR6658","4,7500","1.200,0000","3.000,0000","0,00","5,67","2.861,00","16.749,08"
01-10-2024,0352891,11,378736-10,ALUX,"CHAPA FQ 3,00 SAE1010","3,0000","1.200,0000","3.000,0000","0,00","6,02","5.074,00","31.538,21"
01-11-2024,0354986,11,381192-10,MAQENGE,"TIRA FF BOB 0,60 SAE1006 OL","0,6000","213,0000","0,0000","0,00","7,72","2.238,00","17.838,87"
01-11-2024,0354987,11,381055-80,ALCASTS/A,"CHAPA FQ 4,75 CSN GR A36","4,7500","1.500,0000","3.000,0000","0,00","5,70","8.049,00","47.370,38"
01-11-2024,0354987,11,381055-90,ALCASTS/A,"CHAPA GR LTQ 6,30 CSN GR A36","6,3000","1.500,0000","3.000,0000","0,00","5,70","4.576,00","26.930,90"
01-11-2024,0354979,11,381055-60,ALCASTS/A,"CHAPA FQ 4,25 ASTM A 36","4,2500","1.500,0000","3.000,0000","0,00","5,70","4.629,00","27.242,82"
02-04-2024,0342524,11,367458-10,FLANTECH,"TIRA ZC BOB 1,25 NBR7008 ZC CR MI REV","1,2500","23,5000","0,0000","0,00","9,95","5.260,00","54.037,95"
02-04-2024,0342524,11,367458-60,FLANTECH,"TIRA ZC BOB 1,25 NBR7008 ZC CR MI REV","1,2500","138,0000","0,0000","0,00","9,35","1.779,00","17.174,24"
02-04-2024,0342534,11,366547-30,METALMATRIX,"TIRA ZC BOB 1,95 NBR7008 ZC CR MI RV Z","1,9500","87,0000","0,0000","0,00","7,92","5.275,00","43.135,79"
02-07-2024,0347540,11,372155-20,GPANIZ,"CHAPA FF 0,60 NBR6658 OL","0,6000","1.200,0000","3.000,0000","0,00","7,07","2.732,00","19.942,99"
02-07-2024,0347540,11,372155-80,GPANIZ,"CHAPA FQ 3,35 NBR6658","3,3500","1.200,0000","3.000,0000","0,00","5,78","2.933,00","17.503,70"
02-07-2024,0347540,11,372155-90,GPANIZ,"CHAPA FQ 3,35 NBR6658","3,3500","1.200,0000","3.000,0000","0,00","5,78","1.460,00","8.713,06"
02-07-2024,0347540,11,372155-110,GPANIZ,"CHAPA ZC 0,50 NBR7008 ZC CR NO RV Z275","0,5000","1.000,0000","2.580,0000","0,00","8,30","2.863,00","24.535,19"
02-07-2024,0347542,11,369524-10,METALMATRIX,"TIRA FF BOB 1,50 NBR6658 OL","1,5000","120,0000","0,0000","0,00","7,12","2.361,00","17.356,66"
02-07-2024,0347542,11,373381-30,METALMATRIX,"TIRA FQ DEC BOB 2,25 NBR6658 OL","2,2500","110,0000","0,0000","0,00","7,34","533,00","4.039,37"
02-09-2024,0351140,11,378639-10,ACOPLANO,"BOB FQ 2,50 SAE1010 ACAB","2,5000","1.200,0000","0,0000","0,00","5,86","21.700,00","131.294,77"
02-09-2024,0351164,11,374971-10,FLANTECH,"TIRA ZC BOB 1,25 NBR7008 ZC CR MI REV","1,2500","23,5000","0,0000","0,00","9,30","5.748,00","55.193,73"
02-09-2024,0351164,11,374971-60,FLANTECH,"TIRA ZC BOB 1,25 NBR7008 ZC CR MI REV","1,2500","138,0000","0,0000","0,00","8,78","1.715,00","15.547,08"
02-09-2024,0351170,11,378845-10,METMETALCIN,"TIRA FF BOB 0,30 G2L290 BbOL SMODI","0,3000","295,0000","0,0000","0,00","9,95","901,00","9.256,31"
02-10-2024,0352944,11,380175-10,ACOPLANO,"BOB FQ 2,65 CSN ARQ CIVIL 300-Q03 ACAB","2,6500","1.200,0000","0,0000","0,00","6,11","23.035,00","145.318,03"
02-10-2024,0352964,11,378935-20,MOFERKO,"CHAPA GR LTQ 6,30 NBR6656 LNE 38","6,3000","1.200,0000","3.000,0000","0,00","6,90","738,00","5.257,70"
02-10-2024,0352964,11,378935-40,MOFERKO,"CHAPA GR LTQ 8,00 NBR 6656 LNE 38","8,0000","1.200,0000","3.000,0000","0,00","6,90","3.276,00","23.339,04"
02-10-2024,0352964,11,378935-50,MOFERKO,"CHAPA GR LTQ 8,00 NBR 6656 LNE 38","8,0000","1.200,0000","3.000,0000","0,00","6,90","3.273,00","23.317,67"
02-10-2024,0352965,11,379967-20,OMPDOBRASI,"CHAPA ZC 1,95 NBR7008 ZC CR MI RV Z275","1,9500","1.200,0000","3.000,0000","0,00","7,84","3.343,00","27.060,92"
03-01-2024,0337906,11,365502-10,MOFERKO,"CHAPA GR LTQ 9,50 SAE1045","9,5000","1.200,0000","1.650,0000","0,00","6,67","1.540,00","10.605,63"
03-01-2024,0337906,11,365502-20,MOFERKO,"CHAPA GR LTQ 9,50 SAE1045","9,5000","1.200,0000","1.650,0000","0,00","6,67","1.530,00","10.536,77"
03-01-2024,0337906,11,365502-30,MOFERKO,"CHAPA GR LTQ 9,50 SAE1045","9,5000","1.200,0000","1.650,0000","0,00","6,67","1.527,00","10.516,11"
03-04-2024,0342664,11,365505-50,MAQENGE,"TIRA FF BOB 0,60 SAE1006 OL","0,6000","354,0000","0,0000","0,00","7,72","2.142,00","17.073,67"
03-06-2024,0345679,11,370844-20,FLANTECH,"TIRA ZC BOB 1,25 NBR7008 ZC CR MI REV","1,2500","23,5000","0,0000","0,00","9,95","5.877,00","60.376,62"
03-06-2024,0345679,11,369311-30,FLANTECH,"TIRA ZC BOB 1,25 NBR7008 ZC CR MI REV","1,2500","145,8000","0,0000","0,00","9,35","1.457,00","14.065,70"
03-06-2024,0345679,11,370449-40,FLANTECH,"TIRA ZC BOB 1,25 NBR7008 ZC CR MI REV","1,2500","138,0000","0,0000","0,00","9,35","2.635,00","25.437,96"
03-07-2024,0347618,11,374151-20,MAQENGE,"TIRA FF BOB 0,60 SAE1006 OL","0,6000","290,0000","0,0000","0,00","7,72","1.578,00","12.578,08"
03-12-2024,0356824,11,380401-10,METALMATRIX,"TIRA ZC BOB 0,95 NBR7008 ZC CR NO REV","0,9500","63,0000","0,0000","0,00","8,15","2.670,00","22.467,72"
03-12-2024,0356824,11,380401-20,METALMATRIX,"TIRA ZC BOB 1,11 NBR7008 ZC CR MI RV Z","1,1100","75,0000","0,0000","0,00","7,90","12.316,00","100.458,53"
03-12-2024,0356824,11,381727-20,METALMATRIX,"TIRA FQ DEC BOB 2,25 NBR6658 OL","2,2500","90,0000","0,0000","0,00","7,34","809,00","6.131,05"
03-12-2024,0356833,11,382093-10,KEKO,"CHAPA FQ 4,25 NBR6656 LNE 38","4,2500","1.200,0000","3.000,0000","0,00","6,60","11.987,00","81.685,41"
03-12-2024,0356833,11,382093-20,KEKO,"CHAPA GR LTQ 6,30 NBR6656 LNE 38","6,3000","1.200,0000","3.000,0000","0,00","6,60","7.900,00","53.834,55"
03-12-2024,0356834,11,378259-40,METALMATRIX,"TIRA FQ DEC BOB 2,25 NBR6658 OL","2,2500","110,0000","0,0000","0,00","7,34","1.000,00","7.578,55"
04-01-2024,0337924,11,364284-10,METALMATRIX,"TIRA ZC BOB 1,95 NBR7008 ZC CR MI RV Z","1,9500","32,0000","0,0000","0,00","8,80","5.750,00","52.244,50"
04-01-2024,0337924,11,364284-20,METALMATRIX,"TIRA ZC BOB 1,95 NBR7008 ZC CR MI RV Z","1,9500","87,0000","0,0000","0,00","8,15","6.995,00","58.862,05"
04-03-2024,0341010,11,369408-10,ACOPLANO,"BOB FQ 3,00 SAE1010 ACAB","3,0000","1.500,0000","0,0000","0,00","5,62","11.685,00","67.803,97"
04-03-2024,0341041,11,368529-10,ASPIRAZIONE,"CHAPA FQ 3,00 SAE1010","3,0000","1.200,0000","3.000,0000","0,00","5,86","2.912,00","17.618,91"
04-03-2024,0341041,11,368529-20,ASPIRAZIONE,"CHAPA FQ 4,75 SAE1010","4,7500","1.500,0000","3.000,0000","0,00","5,75","514,00","3.051,55"
04-03-2024,0341041,11,368290-30,ASPIRAZIONE,"CHAPA FQ 4,75 SAE1010","4,7500","1.500,0000","3.000,0000","0,00","5,75","2.604,00","15.459,62"
04-04-2024,0342729,11,370944-10,METMETALCIN,"TIRA FF BOB 0,35 G2L290 BbOL SMODIH","0,3500","248,0000","0,0000","0,00","9,95","821,00","8.434,44"
04-04-2024,0342708,11,368576-10,METALMATRIX,"TIRA FF BOB 1,50 NBR6658 OL","1,5000","113,0000","0,0000","0,00","7,12","6.312,00","46.402,04"
04-06-2024,0345745,11,371379-10,METALSTAMP,"TIRA FF BOB 0,30 G4RL BbOL","0,3000","81,0000","0,0000","0,00","11,10","1.343,00","15.391,79"
04-07-2024,0347721,11,375566-10,OMPDOBRASI,"CHAPA ZC 1,95 NBR7008 ZC CR MI RV Z100","1,9500","1.200,0000","3.000,0000","0,00","7,25","1.393,00","10.427,48"
04-07-2024,0347683,11,369524-10,METALMATRIX,"TIRA FF BOB 1,50 NBR6658 OL","1,5000","120,0000","0,0000","0,00","7,12","1.049,00","7.711,62"
04-07-2024,0347683,11,374973-10,METALMATRIX,"TIRA FQ DEC BOB 2,25 NBR6658 OL","2,2500","110,0000","0,0000","0,00","7,34","1.098,00","8.321,25"
04-09-2024,0351307,11,376988-10,METALMATRIX,"TIRA ZC BOB 1,11 NBR7008 ZC CR MI RV Z","1,1100","75,0000","0,0000","0,00","7,90","4.442,00","36.232,28"
04-09-2024,0351307,11,378494-10,METALMATRIX,"TIRA ZC BOB 1,95 NBR7008 ZC CR MI RV Z","1,9500","32,0000","0,0000","0,00","8,30","12.577,00","107.781,75"
04-10-2024,0353168,11,377512-20,FLANTECH,"TIRA ZC BOB 1,25 NBR7008 ZC CR MI REV","1,2500","32,0000","0,0000","0,00","9,30","405,00","3.888,91"
04-10-2024,0353168,11,374971-60,FLANTECH,"TIRA ZC BOB 1,25 NBR7008 ZC CR MI REV","1,2500","138,0000","0,0000","0,00","8,78","3.364,00","30.495,84"
04-11-2024,0355050,11,381055-10,ALCASTS/A,"CHAPA FQ 1,50 SAE1008","1,5000","1.200,0000","3.000,0000","0,00","6,09","796,00","5.005,19"
04-11-2024,0355050,11,381055-50,ALCASTS/A,"CHAPA FQ 3,00 CSN GR A36","3,0000","1.500,0000","3.000,0000","0,00","5,81","3.989,00","23.929,31"
04-11-2024,0355052,11,381192-60,MAQENGE,"TIRA FF BOB 0,60 SAE1006 OL","0,6000","290,0000","0,0000","0,00","7,72","1.415,00","11.278,82"
04-11-2024,0355073,11,381554-10,HIDROJET,"CHAPA GR LTQ 9,50 SAE1010","9,5000","1.000,0000","2.630,0000","0,00","6,09","10.406,00","65.432,15"
04-11-2024,0355083,11,382167-10,ACOPLANO,"BOB ZC 0,95 NBR7008 ZC CR NO RV Z275 A","0,9500","1.000,0000","0,0000","0,00","8,07","10.725,00","89.363,65"
04-11-2024,0355083,11,382167-20,ACOPLANO,"BOB ZC 0,95 NBR7008 ZC CR NO RV Z275 A","0,9500","1.200,0000","0,0000","0,00","8,07","12.420,00","103.486,86"
04-11-2024,0355095,11,379723-10,METALMATRIX,"TIRA ZC BOB 0,95 NBR7008 ZC CR MI REV","0,9500","63,0000","0,0000","0,00","7,99","1.345,00","11.095,81"
04-11-2024,0355095,11,376988-20,METALMATRIX,"TIRA ZC BOB 1,11 NBR7008 ZC CR MI RV Z","1,1100","75,0000","0,0000","0,00","7,90","8.021,00","65.425,29"
04-11-2024,0355096,11,378168-70,MAQENGE,"TIRA FF BOB 0,60 SAE1006 OL","0,6000","354,0000","0,0000","0,00","7,72","2.643,00","21.067,09"
04-12-2024,0356933,11,381189-30,FLANTECH,"TIRA ZC BOB 1,25 NBR7008 ZC CR MI REV","1,2500","23,5000","0,0000","0,00","9,30","5.701,00","54.742,43"
04-12-2024,0356933,11,381189-40,FLANTECH,"TIRA ZC BOB 1,25 NBR7008 ZC CR MI REV","1,2500","138,0000","0,0000","0,00","8,78","1.857,00","16.834,35"
05-02-2024,0339524,11,366181-60,ALCASTS/A,"CHAPA FQ 4,25 ASTM A 36","4,2500","1.500,0000","3.000,0000","0,00","5,47","6.124,00","34.586,97"
05-02-2024,0339523,11,366845-10,SASPLASTI,"TIRA FQ DEC BOB 2,65 NBR6658 OL","2,6500","22,0000","0,0000","0,00","7,08","2.366,00","17.295,70"
05-03-2024,0341106,11,365303-50,FLANTECH,"TIRA ZC BOB 1,25 NBR7008 ZC CR MI REV","1,2500","145,8000","0,0000","0,00","9,35","1.379,00","13.312,69"
05-03-2024,0341106,11,367458-50,FLANTECH,"TIRA ZC BOB 1,25 NBR7008 ZC CR MI REV","1,2500","138,0000","0,0000","0,00","9,35","3.908,00","37.727,34"
05-03-2024,0341107,11,366118-40,MAQENGE,"TIRA FF BOB 0,60 SAE1006 OL","0,6000","290,0000","0,0000","0,00","7,72","1.776,00","14.156,32"
05-03-2024,0341110,11,369509-10,ACOPLANO,"BOB FQ 3,75 SAE1010 ACAB","3,7500","1.200,0000","0,0000","0,00","5,51","12.470,00","70.942,77"
05-03-2024,0341110,11,369522-10,ACOPLANO,"BOB FQ 4,75 SAE1010 ACAB","4,7500","1.200,0000","0,0000","0,00","5,51","12.945,00","73.645,08"
05-04-2024,0342789,11,369273-20,MOFERKO,"CHAPA GR LTQ 9,50 SAE1045","9,5000","1.200,0000","1.650,0000","0,00","6,67","1.524,00","10.495,45"
05-06-2024,0345797,11,369524-10,METALMATRIX,"TIRA FF BOB 1,50 NBR6658 OL","1,5000","120,0000","0,0000","0,00","7,12","4.471,00","32.868,11"
05-06-2024,0345797,11,371632-10,METALMATRIX,"TIRA ZC BOB 0,95 NBR7008 ZC CR NO REV","0,9500","63,0000","0,0000","0,00","8,35","752,00","6.483,27"
05-06-2024,0345797,11,371733-10,METALMATRIX,"TIRA ZC BOB 1,55 NBR7008 ZC CR MI REV","1,5500","20,0000","0,0000","0,00","8,10","5.121,00","42.828,20"
05-06-2024,0345797,11,368576-20,METALMATRIX,"TIRA FF BOB 1,50 NBR6658 OL","1,5000","113,0000","0,0000","0,00","7,12","3.867,00","28.427,86"
05-06-2024,0345797,11,369114-20,METALMATRIX,"TIRA ZC BOB 1,25 NBR7008 ZC CR MI REV","1,2500","19,0000","0,0000","0,00","8,98","520,00","4.821,36"
05-08-2024,0349444,11,377171-10,ACOPLANO,"BOB FQ 3,35 SAE1010 ACAB","3,3500","1.200,0000","0,0000","0,00","5,82","23.370,00","140.433,84"
05-09-2024,0351365,11,378992-10,ACOPLANO,"BOB FQ 3,35 CSN ARQ CIVIL 300-Q03 ACAB","3,3500","1.200,0000","0,0000","0,00","6,11","13.020,00","82.137,65"
05-12-2024,0356950,11,383515-20,METALCUBAS,"CHAPA GR LTQ 9,50 CSN GR A36","9,5000","1.500,0000","2.436,0000","0,00","5,97","1.689,00","10.411,04"
06-01-2024,0338044,11,366472-10,MOFERKO,"CHAPA FF 1,20 NBR6658 OL","1,2000","1.200,0000","3.000,0000","0,00","6,40","1.527,00","10.090,42"
06-02-2024,0339546,11,365505-20,MAQENGE,"TIRA FF BOB 0,60 SAE1006 OL","0,6000","354,0000","0,0000","0,00","7,72","1.908,00","15.208,48"
06-02-2024,0339546,11,365505-80,MAQENGE,"TIRA FF BOB 0,60 SAE1006 OL","0,6000","213,0000","0,0000","0,00","7,72","1.783,00","14.212,11"
06-03-2024,0341139,11,366649-20,METALMATRIX,"TIRA FF BOB 1,50 NBR6658 OL","1,5000","93,0000","0,0000","0,00","6,98","4.726,00","34.059,57"
06-03-2024,0341201,11,369591-10,METMETALCIN,"TIRA FF BOB 0,30 G2L290 BbOL SMODI","0,3000","91,0000","0,0000","0,00","9,95","497,00","5.105,87"
06-03-2024,0341201,11,369591-30,METMETALCIN,"TIRA FF BOB 0,30 G2L290 BbOL","0,3000","120,0000","0,0000","0,00","9,95","873,00","8.968,66"
06-03-2024,0341200,11,365502-80,MOFERKO,"CHAPA GR LTQ 9,50 SAE1045","9,5000","1.200,0000","1.650,0000","0,00","6,67","1.519,00","10.461,01"
06-06-2024,0345942,11,370920-10,GPANIZ,"CHAPA FQ 2,65 NBR6658","2,6500","1.200,0000","3.000,0000","0,00","5,78","1.297,00","7.740,30"
06-06-2024,0345942,11,371377-30,GPANIZ,"CHAPA FQ 4,75 NBR6658","4,7500","1.200,0000","3.000,0000","0,00","5,67","4.799,00","28.094,67"
06-06-2024,0345942,11,372155-50,GPANIZ,"CHAPA FQ 2,65 NBR6658","2,6500","1.200,0000","3.000,0000","0,00","5,78","4.404,00","26.282,41"
06-06-2024,0345942,11,372155-60,GPANIZ,"CHAPA FQ 2,65 NBR6658","2,6500","1.200,0000","3.000,0000","0,00","5,78","3.201,00","19.103,09"
06-06-2024,0345923,11,370449-30,FLANTECH,"TIRA ZC BOB 1,25 NBR7008 ZC CR MI REV","1,2500","32,0000","0,0000","0,00","9,95","406,00","4.170,99"
06-06-2024,0345923,11,370449-40,FLANTECH,"TIRA ZC BOB 1,25 NBR7008 ZC CR MI REV","1,2500","138,0000","0,0000","0,00","9,35","1.345,00","12.984,46"
06-06-2024,0345923,11,372729-40,FLANTECH,"TIRA ZC BOB 1,25 NBR7008 ZC CR MI REV","1,2500","138,0000","0,0000","0,00","9,35","1.440,00","13.901,58"
06-09-2024,0351453,11,379048-10,METMETALCIN,"TIRA FF BOB 0,30 G2L290 BbOL SMODI","0,3000","295,0000","0,0000","0,00","9,95","900,00","9.246,04"
06-11-2024,0355220,11,381192-20,MAQENGE,"TIRA FF BOB 0,60 SAE1006 OL","0,6000","213,0000","0,0000","0,00","7,72","2.092,00","16.675,12"
06-11-2024,0355220,11,381192-70,MAQENGE,"TIRA FF BOB 0,60 SAE1006 OL","0,6000","290,0000","0,0000","0,00","7,72","1.393,00","11.103,46"
06-11-2024,0355266,11,381189-10,FLANTECH,"TIRA ZC BOB 1,25 NBR7008 ZC CR MI REV","1,2500","23,5000","0,0000","0,00","9,30","4.025,00","38.649,06"
06-11-2024,0355266,11,380394-10,FLANTECH,"TIRA ZC BOB 1,25 NBR7008 ZC CR MI REV","1,2500","138,0000","0,0000","0,00","8,78","1.993,00","18.067,24"
06-11-2024,0355266,11,374971-50,FLANTECH,"TIRA ZC BOB 1,25 NBR7008 ZC CR MI REV","1,2500","23,5000","0,0000","0,00","9,30","1.298,00","12.463,72"
06-11-2024,0355265,11,382336-10,METMETALCIN,"TIRA FF BOB 0,30 G2L290 BbOL SMODI","0,3000","295,0000","0,0000","0,00","9,95","885,00","9.091,94"
07-02-2024,0339643,11,365303-30,FLANTECH,"TIRA ZC BOB 1,25 NBR7008 ZC CR MI REV","1,2500","23,5000","0,0000","0,00","9,95","3.524,00","36.203,37"
07-02-2024,0339643,11,365303-40,FLANTECH,"TIRA ZC BOB 1,25 NBR7008 ZC CR MI REV","1,2500","138,0000","0,0000","0,00","9,35","1.676,00","16.179,89"
07-02-2024,0339643,11,365303-50,FLANTECH,"TIRA ZC BOB 1,25 NBR7008 ZC CR MI REV","1,2500","145,8000","0,0000","0,00","9,35","1.374,00","13.264,42"
07-02-2024,0339641,11,365502-60,MOFERKO,"CHAPA GR LTQ 9,50 SAE1045","9,5000","1.200,0000","1.650,0000","0,00","6,67","1.517,00","10.447,24"
07-02-2024,0339620,11,366649-10,METALMATRIX,"TIRA FF BOB 1,50 NBR6658 OL","1,5000","93,0000","0,0000","0,00","6,98","5.217,00","37.598,14"
07-02-2024,0339620,11,363250-20,METALMATRIX,"TIRA ZC BOB 1,11 NBR7008 ZC CR MI RV Z","1,1100","75,0000","0,0000","0,00","7,99","7.190,00","59.315,16"
07-03-2024,0341264,11,365303-10,FLANTECH,"TIRA ZC BOB 1,25 NBR7008 ZC CR MI REV","1,2500","23,5000","0,0000","0,00","9,95","5.399,00","55.465,95"
07-03-2024,0341265,11,365505-40,MAQENGE,"TIRA FF BOB 0,60 SAE1006 OL","0,6000","354,0000","0,0000","0,00","7,72","1.986,00","15.830,21"
07-03-2024,0341265,11,365505-110,MAQENGE,"TIRA FF BOB 0,60 SAE1006 OL","0,6000","213,0000","0,0000","0,00","7,72","2.359,00","18.803,35"
07-05-2024,0344188,11,369311-10,FLANTECH,"TIRA ZC BOB 1,25 NBR7008 ZC CR MI REV","1,2500","23,5000","0,0000","0,00","9,95","6.874,00","70.619,18"
07-05-2024,0344188,11,370449-40,FLANTECH,"TIRA ZC BOB 1,25 NBR7008 ZC CR MI REV","1,2500","138,0000","0,0000","0,00","9,35","1.815,00","17.521,78"
07-06-2024,0346008,11,373693-10,METMETALCIN,"TIRA FF BOB 0,35 G2L290 BbOL SMODIH","0,3500","248,0000","0,0000","0,00","9,95","912,00","9.369,32"
07-06-2024,0346009,11,370844-20,FLANTECH,"TIRA ZC BOB 1,25 NBR7008 ZC CR MI REV","1,2500","23,5000","0,0000","0,00","9,95","4.379,00","44.987,11"
07-08-2024,0349625,11,377060-10,MOFERKO,"CHAPA GR LTQ 8,00 NBR 6656 LNE 38","8,0000","1.200,0000","3.000,0000","0,00","6,70","3.291,00","22.766,32"
07-08-2024,0349625,11,377060-40,MOFERKO,"CHAPA GR LTQ 6,30 NBR6656 LNE 38","6,3000","1.200,0000","3.000,0000","0,00","6,70","1.477,00","10.217,52"
07-08-2024,0349626,11,376351-20,METMETALCIN,"TIRA FF BOB 0,35 G2L290 BbOL","0,3500","284,0000","0,0000","0,00","9,95","941,00","9.667,25"
07-08-2024,0349627,11,376353-10,METMETALCIN,"TIRA FF BOB 0,30 G2L290 BbOL SMODI","0,3000","298,0000","0,0000","0,00","9,00","1.160,00","10.779,30"
07-08-2024,0349629,11,376392-10,SASPLASTI,"TIRA ZC BOB 0,50 NBR7008 ZC CR NO REV","0,5000","78,0000","0,0000","0,00","8,96","1.737,00","16.069,33"
08-01-2024,0338053,11,363250-10,METALMATRIX,"TIRA ZC BOB 1,11 NBR7008 ZC CR MI RV Z","1,1100","75,0000","0,0000","0,00","7,99","8.623,00","71.136,95"
08-01-2024,0338053,11,364172-20,METALMATRIX,"TIRA ZC BOB 1,55 NBR7008 ZC CR MI REV","1,5500","20,0000","0,0000","0,00","8,20","5.365,00","45.422,77"
08-02-2024,0339728,11,364284-10,METALMATRIX,"TIRA ZC BOB 1,95 NBR7008 ZC CR MI RV Z","1,9500","32,0000","0,0000","0,00","8,80","6.751,00","61.339,59"
08-03-2024,0341344,11,367906-10,KEKO,"CHAPA FQ 4,25 NBR6656 LNE 38","4,2500","1.200,0000","3.000,0000","0,00","6,57","12.189,00","82.684,39"
08-04-2024,0342871,11,369395-10,CIRNA,"TIRA FQ DEC BOB 3,00 NBR6658 OL","3,0000","277,0000","0,0000","0,00","6,82","2.534,00","17.843,54"
08-04-2024,0342843,11,367458-10,FLANTECH,"TIRA ZC BOB 1,25 NBR7008 ZC CR MI REV","1,2500","23,5000","0,0000","0,00","9,95","3.841,00","39.460,03"
08-04-2024,0342843,11,369311-20,FLANTECH,"TIRA ZC BOB 1,25 NBR7008 ZC CR MI REV","1,2500","138,0000","0,0000","0,00","9,35","2.753,00","26.577,12"
08-04-2024,0342843,11,367458-70,FLANTECH,"TIRA ZC BOB 1,25 NBR7008 ZC CR MI REV","1,2500","145,8000","0,0000","0,00","9,35","1.428,00","13.785,73"
08-04-2024,0342835,11,369454-10,SASPLASTI,"TIRA FQ DEC BOB 2,65 NBR6658 OL","2,6500","36,0000","0,0000","0,00","7,08","664,00","4.853,91"
08-07-2024,0347832,11,372729-10,FLANTECH,"TIRA ZC BOB 1,25 NBR7008 ZC CR MI REV","1,2500","23,5000","0,0000","0,00","9,30","2.144,00","20.587,22"
08-07-2024,0347832,11,372729-30,FLANTECH,"TIRA ZC BOB 1,25 NBR7008 ZC CR MI REV","1,2500","23,5000","0,0000","0,00","9,30","2.028,00","19.473,36"
08-07-2024,0347832,11,372729-40,FLANTECH,"TIRA ZC BOB 1,25 NBR7008 ZC CR MI REV","1,2500","138,0000","0,0000","0,00","8,78","1.436,00","13.017,84"
08-07-2024,0347822,11,375734-10,METMETALCIN,"TIRA FF BOB 0,30 G2L290 BbOL SMODI","0,3000","298,0000","0,0000","0,00","9,00","1.185,00","11.011,61"
08-07-2024,0347821,11,375213-10,METMETALCIN,"TIRA FF BOB 0,35 G2L290 BbOL SMODIH","0,3500","248,0000","0,0000","0,00","9,95","855,00","8.783,74"
08-08-2024,0349679,11,377097-40,ACOPLANO,"BOB FQ 2,65 CSN ARQ CIVIL 300-Q03 ACAB","2,6500","1.200,0000","0,0000","0,00","5,82","22.505,00","135.235,92"
08-08-2024,0349702,11,376389-10,KIFIXINDUST,"TIRA FQ DEC BOB 3,00 NBR6658 OL","3,0000","44,3000","0,0000","0,00","7,98","991,00","8.165,20"
08-10-2024,0353365,11,374971-30,FLANTECH,"TIRA ZC BOB 1,25 NBR7008 ZC CR MI REV","1,2500","23,5000","0,0000","0,00","9,30","2.022,00","19.415,75"
08-10-2024,0353365,11,374971-40,FLANTECH,"TIRA ZC BOB 1,25 NBR7008 ZC CR MI REV","1,2500","23,5000","0,0000","0,00","9,30","1.893,00","18.177,06"
08-11-2024,0355407,11,382438-10,ACOPLANO,"BOB ZC 1,95 NBR7008 ZC CR NO RV Z275 A","1,9500","1.200,0000","0,0000","0,00","7,65","11.760,00","92.887,83"
09-02-2024,0339796,11,366839-10,METALSTAMP,"TIRA FF BOB 0,30 G4RL BbOL","0,3000","78,0000","0,0000","0,00","11,10","1.414,00","16.205,50"
09-02-2024,0339796,11,366839-20,METALSTAMP,"TIRA FF BOB 0,30 G4RL BbOL","0,3000","37,0000","0,0000","0,00","11,10","1.341,00","15.368,87"
09-04-2024,0342932,11,370998-10,OMPDOBRASI,"CHAPA ZC 1,55 NBR7008 ZC CR MI RV Z100","1,5500","1.200,0000","3.000,0000","0,00","7,45","3.108,00","23.907,12"
09-04-2024,0342931,11,370830-10,OMPDOBRASI,"CHAPA ZC 1,95 NBR7008 ZC CR MI RV Z100","1,9500","1.200,0000","3.000,0000","0,00","7,62","1.476,00","11.612,65"
09-05-2024,0344294,11,372363-10,UNYPERINDUS,"FITA DE ACO PARA EMBALAGEM 0,90","0,9000","19,0000","0,0000","0,00","9,80","493,00","4.988,42"
09-05-2024,0344292,11,369308-20,LUPEME,"TIRA FQ DEC BOB 4,75 NBR6658 OL","4,7500","35,0000","0,0000","0,00","7,88","1.297,00","10.552,52"
09-05-2024,0344290,11,369273-70,MOFERKO,"CHAPA GR LTQ 9,50 SAE1045","9,5000","1.200,0000","1.650,0000","0,00","6,67","1.546,00","10.646,95"
09-05-2024,0344298,11,366118-70,MAQENGE,"TIRA FF BOB 0,60 SAE1006 OL","0,6000","290,0000","0,0000","0,00","7,72","1.446,00","11.525,92"
09-07-2024,0347885,11,374112-10,KIFIXINDUST,"TIRA FQ DEC BOB 4,25 NBR6658 OL","4,2500","70,0000","0,0000","0,00","6,82","2.111,00","14.864,92"
09-07-2024,0347897,11,371733-20,METALMATRIX,"TIRA ZC BOB 1,55 NBR7008 ZC CR MI REV","1,5500","20,0000","0,0000","0,00","8,10","5.325,00","44.534,31"
09-08-2024,0349765,11,372729-50,FLANTECH,"TIRA ZC BOB 1,25 NBR7008 ZC CR MI REV","1,2500","138,0000","0,0000","0,00","8,78","1.438,00","13.035,97"
09-08-2024,0349765,11,372729-70,FLANTECH,"TIRA ZC BOB 1,25 NBR7008 ZC CR MI REV","1,2500","145,8000","0,0000","0,00","8,78","1.459,00","13.226,35"
09-08-2024,0349765,11,372729-80,FLANTECH,"TIRA ZC BOB 1,25 NBR7008 ZC CR MI REV","1,2500","23,5000","0,0000","0,00","9,30","5.274,00","50.642,27"
09-08-2024,0349739,11,377097-50,ACOPLANO,"BOB FQ 2,65 CSN ARQ CIVIL 300-Q03 ACAB","2,6500","1.200,0000","0,0000","0,00","5,82","11.395,00","68.474,26"
09-09-2024,0351506,11,376386-10,LUPEME,"TIRA FQ DEC BOB 4,75 NBR6658 OL","4,7500","35,0000","0,0000","0,00","7,88","1.005,00","8.176,78"
09-09-2024,0351505,11,378299-10,SASPLASTI,"TIRA ZC BOB 1,55 NBR7008 ZC CR NO REV","1,5500","31,0000","0,0000","0,00","8,50","2.956,00","25.942,60"
09-10-2024,0353448,11,377227-10,METALSTAMP,"TIRA FF BOB 0,35 G4RL BbOL","0,3500","37,0000","0,0000","0,00","11,10","945,00","10.830,41"
09-10-2024,0353448,11,379304-30,METALSTAMP,"TIRA FF BOB 0,35 G4RL BbOL","0,3500","81,0000","0,0000","0,00","11,45","1.321,00","15.617,03"
10-01-2024,0086569,14,366071-10,ACOPLANO,"BOB AL/ZN 0,50 ASTM A792 CN C/TQ ACA","0,5000","1.200,0000","0,0000","0,00","7,25","23.575,00","176.473,61"
10-04-2024,0342994,11,370481-40,GPANIZ,"CHAPA FQ 3,35 NBR6658","3,3500","1.200,0000","3.000,0000","0,00","5,78","1.437,00","8.575,80"
10-05-2024,0344381,11,370946-30,METMETALCIN,"TIRA FF BOB 0,35 G2L290 BbOL SMODIH","0,3500","248,0000","0,0000","0,00","9,95","927,00","9.523,42"
10-05-2024,0344380,11,370842-20,METALSTAMP,"TIRA FF BOB 0,25 G4RL BbOL","0,2500","67,0000","0,0000","0,00","11,10","993,00","11.380,52"
10-05-2024,0344397,11,368576-20,METALMATRIX,"TIRA FF BOB 1,50 NBR6658 OL","1,5000","113,0000","0,0000","0,00","7,16","4.209,00","31.115,87"
10-05-2024,0344397,11,368887-20,METALMATRIX,"TIRA FQ DEC BOB 2,25 NBR6658 OL","2,2500","90,0000","0,0000","0,00","7,34","540,00","4.092,42"
10-05-2024,0344397,11,368887-30,METALMATRIX,"TIRA FQ DEC BOB 2,25 NBR6658 OL","2,2500","90,0000","0,0000","0,00","7,34","551,00","4.175,78"
10-06-2024,0346067,11,374066-10,ACOPLANO,"BOB FQ 3,35 SAE1010 ACAB","3,3500","1.500,0000","0,0000","0,00","5,54","11.680,00","66.810,18"
10-06-2024,0346067,11,374066-20,ACOPLANO,"BOB FQ 2,00 CSN ARQ CIVIL 300-Q03 ACAB","2,0000","1.200,0000","0,0000","0,00","5,71","12.110,00","71.395,41"
10-09-2024,0351592,11,374971-10,FLANTECH,"TIRA ZC BOB 1,25 NBR7008 ZC CR MI REV","1,2500","23,5000","0,0000","0,00","9,30","3.998,00","38.389,80"
10-09-2024,0351592,11,374971-60,FLANTECH,"TIRA ZC BOB 1,25 NBR7008 ZC CR MI REV","1,2500","138,0000","0,0000","0,00","8,78","1.673,00","15.166,33"
10-09-2024,0351592,11,372729-70,FLANTECH,"TIRA ZC BOB 1,25 NBR7008 ZC CR MI REV","1,2500","145,8000","0,0000","0,00","8,78","1.469,00","13.317,00"
10-09-2024,0351542,11,378168-30,MAQENGE,"TIRA FF BOB 0,60 SAE1006 OL","0,6000","213,0000","0,0000","0,00","7,57","3.151,00","24.628,29"
10-09-2024,0351542,11,374151-60,MAQENGE,"TIRA FF BOB 0,60 SAE1006 OL","0,6000","290,0000","0,0000","0,00","7,72","1.257,00","10.019,42"
10-10-2024,0353520,11,376681-10,METALMATRIX,"TIRA ZC BOB 1,11 NBR7008 ZC CR MI RV Z","1,1100","75,0000","0,0000","0,00","7,90","10.770,00","87.848,20"
10-10-2024,0353520,11,378259-10,METALMATRIX,"TIRA FQ DEC BOB 2,25 NBR6658 OL","2,2500","90,0000","0,0000","0,00","7,34","842,00","6.381,14"
10-10-2024,0353520,11,378259-30,METALMATRIX,"TIRA FQ DEC BOB 2,25 NBR6658 OL","2,2500","110,0000","0,0000","0,00","7,34","482,00","3.652,86"
10-10-2024,0353565,11,380708-10,SUPERACOIND,"BOB GR LTQ 6,30 NBR6656 LNE 380 ACAB","6,3000","1.200,0000","0,0000","0,00","6,61","12.990,00","88.654,48"
10-10-2024,0353563,11,380708-10,SUPERACOIND,"BOB GR LTQ 6,30 NBR6656 LNE 380 ACAB","6,3000","1.200,0000","0,0000","0,00","6,61","13.055,00","89.098,09"
10-10-2024,0353554,11,379798-10,SASPLASTI,"TIRA ZC BOB 0,50 NBR7008 ZC CR NO REV","0,5000","78,0000","0,0000","0,00","8,96","4.291,00","39.696,90"
10-12-2024,0357243,11,383672-10,UNYPERINDUS,"FITA DE ACO PARA EMBALAGEM 0,90","0,9000","19,0000","0,0000","0,00","10,22","501,00","5.286,63"
10-12-2024,0357245,11,383231-10,FLANTECH,"TIRA ZC BOB 1,25 NBR7008 ZC CR MI REV","1,2500","23,5000","0,0000","0,00","9,30","5.898,00","56.634,07"
10-12-2024,0357244,11,382173-10,FLANTECH,"TIRA ZC BOB 1,25 NBR7008 ZC CR MI REV","1,2500","145,8000","0,0000","0,00","8,78","1.455,00","13.190,08"
11-03-2024,0341425,11,367732-10,METALSTAMP,"TIRA FF BOB 0,45 NBR6658 OL","0,4500","42,0000","0,0000","0,00","8,55","1.216,00","10.734,70"
11-03-2024,0341428,11,366655-40,METCRESPAR,"TIRA FF BOB 1,20 NBR6658 OL","1,2000","53,0000","0,0000","0,00","7,95","984,00","8.077,04"
11-03-2024,0341428,11,366655-50,METCRESPAR,"TIRA FF BOB 1,20 NBR6658 OL","1,2000","62,0000","0,0000","0,00","7,95","1.975,00","16.211,54"
11-03-2024,0341402,11,369796-10,ACOPLANO,"BOB FQ 3,00 SAE1010 ACAB","3,0000","1.200,0000","0,0000","0,00","5,62","11.350,00","65.860,08"
11-03-2024,0341402,11,369736-20,ACOPLANO,"BOB GR LTQ 6,30 SAE1010 ACAB","6,3000","1.200,0000","0,0000","0,00","5,51","12.335,00","70.174,74"
11-03-2024,0341379,11,369010-20,JARFLEX,"CHAPA FF 2,65 NBR5915 EEP OL","2,6500","1.500,0000","3.000,0000","0,00","7,97","3.232,00","26.596,21"
11-04-2024,0343053,11,367458-30,FLANTECH,"TIRA ZC BOB 1,25 NBR7008 ZC CR MI REV","1,2500","23,5000","0,0000","0,00","9,95","4.938,00","50.729,93"
11-06-2024,0346178,11,370449-10,FLANTECH,"TIRA ZC BOB 1,25 NBR7008 ZC CR MI REV","1,2500","23,5000","0,0000","0,00","9,95","4.048,00","41.586,62"
11-06-2024,0346178,11,372729-40,FLANTECH,"TIRA ZC BOB 1,25 NBR7008 ZC CR MI REV","1,2500","138,0000","0,0000","0,00","9,35","1.426,00","13.766,43"
11-07-2024,0348074,11,372729-10,FLANTECH,"TIRA ZC BOB 1,25 NBR7008 ZC CR MI REV","1,2500","23,5000","0,0000","0,00","9,30","2.149,00","20.635,24"
11-07-2024,0348074,11,372729-20,FLANTECH,"TIRA ZC BOB 1,25 NBR7008 ZC CR MI REV","1,2500","23,5000","0,0000","0,00","9,30","2.403,00","23.074,21"
11-07-2024,0348074,11,372729-30,FLANTECH,"TIRA ZC BOB 1,25 NBR7008 ZC CR MI REV","1,2500","23,5000","0,0000","0,00","9,30","2.052,00","19.703,82"
11-07-2024,0348074,11,372729-50,FLANTECH,"TIRA ZC BOB 1,25 NBR7008 ZC CR MI REV","1,2500","138,0000","0,0000","0,00","8,78","1.443,00","13.081,30"
11-07-2024,0348074,11,372729-60,FLANTECH,"TIRA ZC BOB 1,25 NBR7008 ZC CR MI REV","1,2500","145,8000","0,0000","0,00","8,78","1.476,00","13.380,46"
11-07-2024,0089310,14,375957-10,MOFERKO,"CHAPA GR LCG 19,00 ASTM A 36","19,0000","2.440,0000","6.000,0000","0,00","8,00","2.183,00","18.031,58"
11-10-2024,0353629,11,380394-10,FLANTECH,"TIRA ZC BOB 1,25 NBR7008 ZC CR MI REV","1,2500","138,0000","0,0000","0,00","8,78","1.991,00","18.049,11"
11-10-2024,0353629,11,374971-30,FLANTECH,"TIRA ZC BOB 1,25 NBR7008 ZC CR MI REV","1,2500","23,5000","0,0000","0,00","9,30","2.046,00","19.646,20"
11-10-2024,0353629,11,374971-40,FLANTECH,"TIRA ZC BOB 1,25 NBR7008 ZC CR MI REV","1,2500","23,5000","0,0000","0,00","9,30","1.912,00","18.359,50"
11-11-2024,0355494,11,381189-10,FLANTECH,"TIRA ZC BOB 1,25 NBR7008 ZC CR MI REV","1,2500","23,5000","0,0000","0,00","9,30","4.087,00","39.244,40"
11-11-2024,0355494,11,380394-20,FLANTECH,"TIRA ZC BOB 1,25 NBR7008 ZC CR MI REV","1,2500","32,0000","0,0000","0,00","9,30","699,00","6.711,97"
11-11-2024,0355489,11,381055-20,ALCASTS/A,"CHAPA FQ 2,00 CSN ARQ CIVIL 300","2,0000","1.200,0000","3.000,0000","0,00","5,98","815,00","5.032,10"
11-11-2024,0355489,11,381055-120,ALCASTS/A,"CHAPA GR LTQ 12,50 SAE1010","12,5000","1.500,0000","3.000,0000","0,00","5,70","910,00","5.355,58"
11-12-2024,0091689,14,383751-20,METALCUBAS,"CHAPA GR LCG 19,00 ASTM A 36","19,0000","1.250,0000","3.000,0000","0,00","7,85","2.237,00","18.131,16"
11-12-2024,0357390,11,381192-110,MAQENGE,"TIRA FF BOB 0,60 SAE1006 OL","0,6000","354,0000","0,0000","0,00","7,72","2.655,00","21.162,74"
11-12-2024,0357389,11,383015-10,METALMATRIX,"TIRA ZC BOB 1,25 NBR7008 ZC CR MI REV","1,2500","19,0000","0,0000","0,00","8,50","610,00","5.353,51"
11-12-2024,0357388,11,383515-10,METALCUBAS,"CHAPA GR LTQ 9,50 CSN GR A36","9,5000","1.500,0000","2.036,0000","0,00","5,97","1.411,00","8.697,44"
11-12-2024,0357388,11,383758-10,METALCUBAS,"CHAPA GR LTQ 9,50 CSN GR A36","9,5000","1.500,0000","2.036,0000","0,00","5,97","936,00","5.769,53"
11-12-2024,0357388,11,383817-10,METALCUBAS,"CHAPA GR LTQ 9,50 CSN GR A36","9,5000","1.500,0000","2.036,0000","0,00","5,97","939,00","5.788,02"
11-12-2024,0357388,11,383758-20,METALCUBAS,"CHAPA GR LTQ 9,50 CSN GR A36","9,5000","1.500,0000","2.436,0000","0,00","5,97","1.126,00","6.940,69"
11-12-2024,0357388,11,383817-30,METALCUBAS,"CHAPA GR LTQ 9,50 CSN GR A36","9,5000","1.500,0000","1.522,0000","0,00","5,97","1.053,00","6.490,72"
11-12-2024,0357388,11,383817-40,METALCUBAS,"CHAPA GR LTQ 9,50 CSN GR A36","9,5000","1.500,0000","2.436,0000","0,00","5,97","1.117,00","6.885,22"
12-01-2024,0338403,11,365334-10,LUPEME,"TIRA FQ DEC BOB 4,75 NBR6658 OL","4,7500","35,0000","0,0000","0,00","7,88","974,00","7.924,56"
12-01-2024,0338400,11,364025-10,FLANTECH,"TIRA ZC BOB 1,25 NBR7008 ZC CR MI REV","1,2500","32,0000","0,0000","0,00","9,95","463,00","4.756,57"
12-01-2024,0338400,11,364171-20,FLANTECH,"TIRA ZC BOB 1,25 NBR7008 ZC CR MI REV","1,2500","23,5000","0,0000","0,00","9,95","3.529,00","36.254,74"
12-01-2024,0338400,11,363157-50,FLANTECH,"TIRA ZC BOB 1,25 NBR7008 ZC CR MI REV","1,2500","23,5000","0,0000","0,00","9,95","954,00","9.800,80"
12-01-2024,0338402,11,365302-10,LUPEME,"TIRA FQ DEC BOB 4,75 NBR6658 OL","4,7500","28,0000","0,0000","0,00","7,88","1.024,00","8.331,37"
12-01-2024,0338401,11,365502-40,MOFERKO,"CHAPA GR LTQ 9,50 SAE1045","9,5000","1.200,0000","1.650,0000","0,00","6,67","1.528,00","10.522,99"
12-02-2024,0339837,11,366181-80,ALCASTS/A,"CHAPA FQ 4,75 SAE1010","4,7500","1.500,0000","3.000,0000","0,00","5,47","12.494,00","70.563,30"
12-02-2024,0339837,11,366181-160,ALCASTS/A,"CHAPA GR LTQ 9,50 ASTM A 36","9,5000","1.500,0000","3.000,0000","0,00","5,47","332,00","1.875,06"
12-03-2024,0341469,11,369796-20,ACOPLANO,"BOB FQ 3,35 SAE1010 ACAB","3,3500","1.200,0000","0,0000","0,00","5,62","12.590,00","73.055,36"
12-03-2024,0341468,11,369829-10,ACOPLANO,"BOB FQ 4,75 CSN GR A36 ACAB","4,7500","1.200,0000","0,0000","0,00","5,51","12.980,00","73.844,19"
12-03-2024,0341503,11,366655-50,METCRESPAR,"TIRA FF BOB 1,20 NBR6658 OL","1,2000","62,0000","0,0000","0,00","7,95","1.106,00","9.078,46"
12-03-2024,0341502,11,365505-100,MAQENGE,"TIRA FF BOB 0,60 SAE1006 OL","0,6000","213,0000","0,0000","0,00","7,72","1.225,00","9.764,35"
12-04-2024,0343112,11,369010-10,JARFLEX,"CHAPA FF 2,65 NBR5915 EEP OL","2,6500","1.500,0000","3.020,0000","0,00","7,97","2.001,00","16.466,28"
12-04-2024,0343111,11,368887-10,METALMATRIX,"TIRA FQ DEC BOB 2,25 NBR6658 OL","2,2500","90,0000","0,0000","0,00","7,30","543,00","4.092,73"
12-04-2024,0343107,11,369273-30,MOFERKO,"CHAPA GR LTQ 9,50 SAE1045","9,5000","1.200,0000","1.650,0000","0,00","6,67","1.538,00","10.591,86"
12-04-2024,0343106,11,370946-20,METMETALCIN,"TIRA FF BOB 0,35 G2L290 BbOL SMODIH","0,3500","248,0000","0,0000","0,00","9,95","925,00","9.502,87"
12-06-2024,0346232,11,374111-10,ACOPLANO,"BOB FQ 2,00 CSN ARQ CIVIL 300-Q03 ACAB","2,0000","1.200,0000","0,0000","0,00","5,71","11.815,00","69.656,22"
12-06-2024,0346232,11,374111-20,ACOPLANO,"BOB FQ 2,65 CSN ARQ CIVIL 300-Q03 ACAB","2,6500","1.200,0000","0,0000","0,00","5,54","12.750,00","72.930,64"
12-08-2024,0349866,11,377060-20,MOFERKO,"CHAPA GR LTQ 8,00 NBR 6656 LNE 38","8,0000","1.200,0000","3.000,0000","0,00","6,70","1.644,00","11.372,78"
12-08-2024,0349844,11,376142-20,GPANIZ,"CHAPA GR LTQ 6,30 SAE1010","6,3000","1.200,0000","3.000,0000","0,00","5,67","3.036,00","17.773,58"
12-08-2024,0349869,11,376386-10,LUPEME,"TIRA FQ DEC BOB 4,75 NBR6658 OL","4,7500","35,0000","0,0000","0,00","7,88","365,00","2.969,68"
12-08-2024,0349869,11,376386-20,LUPEME,"TIRA FQ DEC BOB 4,75 NBR6658 OL","4,7500","28,0000","0,0000","0,00","7,88","1.089,00","8.860,21"
12-08-2024,0349867,11,374151-40,MAQENGE,"TIRA FF BOB 0,60 SAE1006 OL","0,6000","290,0000","0,0000","0,00","7,72","1.494,00","11.908,52"
12-11-2024,0355603,11,381756-10,OMPDOBRASI,"CHAPA ZC 1,55 NBR7008 ZC CR MI RV Z275","1,5500","1.200,0000","3.000,0000","0,00","7,76","2.974,00","23.828,28"
12-11-2024,0355604,11,380512-10,KIFIXINDUST,"TIRA FQ DEC BOB 3,75 NBR6658 OL","3,7500","90,0000","0,0000","0,00","6,92","1.700,00","12.146,33"
12-11-2024,0355607,11,380394-10,FLANTECH,"TIRA ZC BOB 1,25 NBR7008 ZC CR MI REV","1,2500","138,0000","0,0000","0,00","8,78","1.487,00","13.480,18"
12-12-2024,0357456,11,383919-10,MOFERKO,"CHAPA GR LTQ 6,30 NBR6656 LNE 38","6,3000","1.200,0000","3.000,0000","0,00","6,90","1.852,00","13.194,11"
12-12-2024,0357456,11,383919-20,MOFERKO,"CHAPA GR LTQ 8,00 NBR 6656 LNE 38","8,0000","1.200,0000","3.000,0000","0,00","6,90","2.106,00","15.003,67"
12-12-2024,0357456,11,383919-30,MOFERKO,"CHAPA GR LTQ 12,50 NBR6656 LNE 38","12,5000","1.200,0000","3.000,0000","0,00","6,90","1.810,00","12.894,89"
13-02-2024,0339932,11,366181-30,ALCASTS/A,"CHAPA FQ 2,65 SAE1008","2,6500","1.500,0000","3.000,0000","0,00","5,57","961,00","5.526,74"
13-03-2024,0341541,11,369736-10,ACOPLANO,"BOB FQ 2,00 SAE1010 ACAB","2,0000","1.200,0000","0,0000","0,00","5,80","12.145,00","72.730,33"
13-03-2024,0341541,11,369829-20,ACOPLANO,"BOB GR LTQ 9,50 ASTM A 36 ACAB","9,5000","1.200,0000","0,0000","0,00","5,51","12.935,00","73.588,19"
13-03-2024,0341519,11,368576-10,METALMATRIX,"TIRA FF BOB 1,50 NBR6658 OL","1,5000","113,0000","0,0000","0,00","7,12","2.193,00","16.121,62"
13-03-2024,0341564,11,365303-10,FLANTECH,"TIRA ZC BOB 1,25 NBR7008 ZC CR MI REV","1,2500","23,5000","0,0000","0,00","9,95","3.449,00","35.432,87"
13-03-2024,0341564,11,367458-20,FLANTECH,"TIRA ZC BOB 1,25 NBR7008 ZC CR MI REV","1,2500","23,5000","0,0000","0,00","9,95","2.852,00","29.299,67"
13-05-2024,0344480,11,369311-10,FLANTECH,"TIRA ZC BOB 1,25 NBR7008 ZC CR MI REV","1,2500","23,5000","0,0000","0,00","9,95","3.988,00","40.970,22"
13-05-2024,0344480,11,370449-10,FLANTECH,"TIRA ZC BOB 1,25 NBR7008 ZC CR MI REV","1,2500","23,5000","0,0000","0,00","9,95","1.951,00","20.043,35"
13-05-2024,0344480,11,370449-20,FLANTECH,"TIRA ZC BOB 1,25 NBR7008 ZC CR MI REV","1,2500","32,0000","0,0000","0,00","9,95","506,00","5.198,33"
13-05-2024,0344480,11,367458-80,FLANTECH,"TIRA ZC BOB 1,25 NBR7008 ZC CR MI REV","1,2500","145,8000","0,0000","0,00","9,35","1.662,00","16.044,74"
13-05-2024,0344487,11,372665-10,ACOPLANO,"BOB GR LTQ 9,50 ASTM A 36 ACAB","9,5000","1.200,0000","0,0000","0,00","5,43","13.055,00","73.192,53"
13-05-2024,0344487,11,372665-20,ACOPLANO,"BOB GR LTQ 8,00 SAE1010 ACAB","8,0000","1.200,0000","0,0000","0,00","5,43","13.035,00","73.080,40"
13-06-2024,0346295,11,372155-60,GPANIZ,"CHAPA FQ 2,65 NBR6658","2,6500","1.200,0000","3.000,0000","0,00","5,78","3.201,00","19.103,09"
13-06-2024,0346294,11,373381-10,METALMATRIX,"TIRA FQ DEC BOB 2,25 NBR6658 OL","2,2500","63,0000","0,0000","0,00","7,30","572,00","4.311,31"
13-06-2024,0346345,11,372754-10,UTIMIL,"TIRA ZC BOB 0,80 NBR7008 ZC CR NO RV Z","0,8000","54,0000","0,0000","0,00","8,67","1.894,00","16.954,66"
13-09-2024,0351795,11,379226-10,ACOPLANO,"BOB FQ 3,35 CSN ARQ CIVIL 300-Q03 ACAB","3,3500","1.200,0000","0,0000","0,00","6,11","24.245,00","152.951,40"
13-09-2024,0351808,11,379368-10,METMETALCIN,"TIRA FF BOB 0,30 G2L290 BbOL SMODI","0,3000","295,0000","0,0000","0,00","9,95","893,00","9.174,12"
13-09-2024,0351799,11,378247-10,GUARANY,"CHAPA FF 1,90 SAE1008 OL","1,9000","1.200,0000","3.000,0000","0,00","6,90","1.611,00","11.477,17"
13-11-2024,0355698,11,378259-20,METALMATRIX,"TIRA ZC BOB 1,95 NBR7008 ZC CR MI RV Z","1,9500","87,0000","0,0000","0,00","7,72","12.788,00","101.931,87"
13-11-2024,0355697,11,381835-20,CROCOLIIND,"CHAPA FQ 2,65 CSN ARQ CIVIL 300-Q03","2,6500","1.200,0000","3.000,0000","0,00","6,15","3.793,00","24.085,08"
13-11-2024,0355697,11,381835-40,CROCOLIIND,"CHAPA FQ 3,35 CSN ARQ CIVIL 300-Q03","3,3500","1.200,0000","2.320,0000","0,00","6,15","1.887,00","11.982,21"
13-12-2024,0357528,11,383231-10,FLANTECH,"TIRA ZC BOB 1,25 NBR7008 ZC CR MI REV","1,2500","23,5000","0,0000","0,00","9,30","4.892,00","46.974,21"
14-02-2024,0339968,11,365303-30,FLANTECH,"TIRA ZC BOB 1,25 NBR7008 ZC CR MI REV","1,2500","23,5000","0,0000","0,00","9,95","5.018,00","51.551,80"
14-03-2024,0341656,11,367969-10,LUPEME,"TIRA FQ DEC BOB 4,75 NBR6658 OL","4,7500","35,0000","0,0000","0,00","7,88","2.424,00","19.721,91"
14-03-2024,0341650,11,366547-30,METALMATRIX,"TIRA ZC BOB 1,95 NBR7008 ZC CR MI RV Z","1,9500","87,0000","0,0000","0,00","7,92","5.399,00","44.149,78"
14-05-2024,0344550,11,372735-10,ACOPLANO,"BOB GR LTQ 12,50 SAE1010 ACAB","12,5000","1.200,0000","0,0000","0,00","5,43","12.355,00","69.268,00"
14-05-2024,0344550,11,372735-20,ACOPLANO,"BOB GR LTQ 6,30 SAE1010 ACAB","6,3000","1.200,0000","0,0000","0,00","5,43","11.910,00","66.773,12"
14-05-2024,0344571,11,370844-10,FLANTECH,"TIRA ZC BOB 1,25 NBR7008 ZC CR MI REV","1,2500","23,5000","0,0000","0,00","9,95","1.954,00","20.074,17"
14-06-2024,0346426,11,370449-10,FLANTECH,"TIRA ZC BOB 1,25 NBR7008 ZC CR MI REV","1,2500","23,5000","0,0000","0,00","9,95","6.134,00","63.016,88"
14-06-2024,0346426,11,369311-30,FLANTECH,"TIRA ZC BOB 1,25 NBR7008 ZC CR MI REV","1,2500","145,8000","0,0000","0,00","9,35","1.466,00","14.152,58"
14-06-2024,0346426,11,372729-40,FLANTECH,"TIRA ZC BOB 1,25 NBR7008 ZC CR MI REV","1,2500","138,0000","0,0000","0,00","9,35","1.443,00","13.930,54"
14-06-2024,0346425,11,374320-10,METMETALCIN,"TIRA FF BOB 0,35 G2L290 BbOL SMODI","0,3500","248,0000","0,0000","0,00","9,95","916,00","9.410,41"
14-08-2024,0350016,11,376926-10,UNYPERINDUS,"TIRA FQ DEC BOB 2,25 NBR6658 OL","2,2500","108,0000","0,0000","0,00","7,25","998,00","7.470,65"
14-08-2024,0350017,11,377060-30,MOFERKO,"CHAPA GR LTQ 6,30 NBR6656 LNE 38","6,3000","1.200,0000","3.000,0000","0,00","6,70","3.133,00","21.673,31"
14-10-2024,0353653,11,379437-20,ALCAST,"TIRA ZC BOB 1,25 NBR7008 ZC CR MI REV","1,2500","40,0000","0,0000","0,00","7,91","11.299,00","92.279,78"
14-10-2024,0353707,11,380898-10,METMETALCIN,"TIRA FF BOB 0,30 G2L290 BbOL SMODI","0,3000","295,0000","0,0000","0,00","9,95","889,00","9.133,03"
14-10-2024,0353703,11,378328-20,MAQENGE,"TIRA FF BOB 0,60 SAE1006 OL","0,6000","80,0000","0,0000","0,00","7,72","511,00","4.073,13"
14-10-2024,0353704,11,378168-40,MAQENGE,"TIRA FF BOB 0,60 SAE1006 OL","0,6000","213,0000","0,0000","0,00","7,72","2.833,00","22.581,56"
14-10-2024,0353704,11,378168-60,MAQENGE,"TIRA FF BOB 0,60 SAE1006 OL","0,6000","354,0000","0,0000","0,00","7,72","1.677,00","13.367,20"
14-11-2024,0355776,11,381189-10,FLANTECH,"TIRA ZC BOB 1,25 NBR7008 ZC CR MI REV","1,2500","23,5000","0,0000","0,00","9,30","1.952,00","18.743,59"
14-11-2024,0355776,11,381189-20,FLANTECH,"TIRA ZC BOB 1,25 NBR7008 ZC CR MI REV","1,2500","23,5000","0,0000","0,00","9,30","3.728,00","35.797,19"
14-11-2024,0355776,11,381189-40,FLANTECH,"TIRA ZC BOB 1,25 NBR7008 ZC CR MI REV","1,2500","138,0000","0,0000","0,00","8,78","2.291,00","20.768,72"
14-11-2024,0355739,11,381732-10,ASPIRAZIONE,"CHAPA FQ 3,00 SAE1010","3,0000","1.200,0000","3.000,0000","0,00","6,15","4.226,00","26.834,57"
14-11-2024,0355739,11,381732-20,ASPIRAZIONE,"CHAPA FQ 3,00 SAE1010","3,0000","1.500,0000","3.000,0000","0,00","6,15","2.163,00","13.734,78"
14-11-2024,0355739,11,381732-30,ASPIRAZIONE,"CHAPA FQ 4,75 SAE1010","4,7500","1.500,0000","3.000,0000","0,00","6,10","5.030,00","31.680,20"
14-11-2024,0355739,11,381732-40,ASPIRAZIONE,"CHAPA GR LTQ 6,30 SAE1010","6,3000","1.500,0000","3.000,0000","0,00","6,10","1.589,00","10.007,92"
14-11-2024,0355739,11,381732-60,ASPIRAZIONE,"CHAPA GR LTQ 9,50 SAE1010","9,5000","1.500,0000","3.000,0000","0,00","6,10","347,00","2.185,49"
15-01-2024,0338498,11,366181-100,ALCASTS/A,"CHAPA FQ 3,00 SAE1010","3,0000","1.200,0000","3.000,0000","0,00","5,57","10.857,00","62.438,88"
15-01-2024,0338482,11,366181-130,ALCASTS/A,"CHAPA FQ 4,75 SAE1010","4,7500","1.200,0000","3.000,0000","0,00","5,47","259,00","1.462,77"
15-01-2024,0338482,11,366181-140,ALCASTS/A,"CHAPA GR LTQ 8,00 SAE1010","8,0000","1.500,0000","3.000,0000","0,00","5,47","2.617,00","14.780,23"
15-01-2024,0338478,11,366181-10,ALCASTS/A,"CHAPA FQ 1,50 SAE1008","1,5000","1.200,0000","3.000,0000","0,00","5,84","711,00","4.287,19"
15-01-2024,0338478,11,366181-20,ALCASTS/A,"CHAPA FQ 2,00 CSN ARQ CIVIL 300","2,0000","1.200,0000","3.000,0000","0,00","5,73","8.423,00","49.832,36"
15-01-2024,0338478,11,366181-110,ALCASTS/A,"CHAPA FQ 3,00 SAE1010","3,0000","1.500,0000","3.000,0000","0,00","5,57","1.928,00","11.087,98"
15-01-2024,0338478,11,366181-120,ALCASTS/A,"CHAPA GR LTQ 12,50 SAE1010","12,5000","1.500,0000","3.000,0000","0,00","5,47","1.371,00","7.743,10"
15-01-2024,0338468,11,365505-60,MAQENGE,"TIRA FF BOB 0,60 SAE1006 OL","0,6000","213,0000","0,0000","0,00","7,72","1.942,00","15.479,49"
15-02-2024,0340099,11,366118-30,MAQENGE,"TIRA FF BOB 0,60 SAE1006 OL","0,6000","290,0000","0,0000","0,00","7,72","1.209,00","9.636,82"
15-02-2024,0340099,11,365505-90,MAQENGE,"TIRA FF BOB 0,60 SAE1006 OL","0,6000","213,0000","0,0000","0,00","7,72","1.785,00","14.228,06"
15-03-2024,0341726,11,365505-120,MAQENGE,"TIRA FF BOB 0,60 SAE1006 OL","0,6000","213,0000","0,0000","0,00","7,72","2.084,00","16.611,36"
15-03-2024,0341725,11,369988-20,METMETALCIN,"TIRA FF BOB 0,35 G2L290 BbOL SMODIH","0,3500","248,0000","0,0000","0,00","9,95","959,00","9.852,17"
15-04-2024,0343138,11,370481-20,GPANIZ,"CHAPA FQ 2,65 NBR6658","2,6500","1.200,0000","3.000,0000","0,00","5,78","2.966,00","17.700,64"
15-04-2024,0343138,11,370481-70,GPANIZ,"CHAPA FQ 4,75 NBR6658","4,7500","1.200,0000","3.000,0000","0,00","5,67","3.373,00","19.746,47"
15-04-2024,0343138,11,370481-100,GPANIZ,"CHAPA GR LTQ 6,30 SAE1010","6,3000","1.200,0000","3.000,0000","0,00","5,67","2.934,00","17.176,44"
15-04-2024,0343138,11,370481-130,GPANIZ,"CHAPA GR LTQ 9,50 SAE1010","9,5000","1.200,0000","1.800,0000","0,00","5,67","1.475,00","8.635,06"
15-04-2024,0343148,11,371323-50,ACOPLANO,"BOB FQ 2,25 CSN ARQ CIVIL 300-Q03 ACAB","2,2500","1.200,0000","0,0000","0,00","5,71","23.650,00","139.430,35"
15-05-2024,0344648,11,370920-10,GPANIZ,"CHAPA FQ 2,65 NBR6658","2,6500","1.200,0000","3.000,0000","0,00","5,78","3.132,00","18.691,31"
15-05-2024,0344648,11,370920-20,GPANIZ,"CHAPA FQ 2,65 NBR6658","2,6500","1.200,0000","3.000,0000","0,00","5,78","4.384,00","26.163,05"
15-05-2024,0344648,11,371377-20,GPANIZ,"CHAPA FQ 4,75 NBR6658","4,7500","1.200,0000","3.000,0000","0,00","5,67","4.772,00","27.936,60"
15-05-2024,0344648,11,370920-30,GPANIZ,"CHAPA FQ 3,35 NBR6658","3,3500","1.200,0000","3.000,0000","0,00","5,78","2.989,00","17.837,90"
15-05-2024,0344647,11,371632-10,METALMATRIX,"TIRA ZC BOB 0,95 NBR7008 ZC CR NO REV","0,9500","63,0000","0,0000","0,00","8,35","1.504,00","12.966,55"
15-07-2024,0348237,11,376074-10,METMETALCIN,"TIRA FF BOB 0,30 G2L290 BbOL SMODI","0,3000","298,0000","0,0000","0,00","9,00","1.183,00","10.993,03"
15-07-2024,0348238,11,376075-10,METMETALCIN,"TIRA FF BOB 0,35 G2L290 BbOL SMODIH","0,3500","248,0000","0,0000","0,00","9,95","912,00","9.369,32"
15-07-2024,0348239,11,376073-10,OMPDOBRASI,"CHAPA ZC 1,95 NBR7008 ZC CR MI RV Z100","1,9500","1.200,0000","3.000,0000","0,00","7,25","1.119,00","8.376,41"
15-07-2024,0348198,11,375902-10,ACOPLANO,"BOB FQ 2,65 CSN ARQ CIVIL 300-Q03 ACAB","2,6500","1.200,0000","0,0000","0,00","5,54","23.595,00","134.964,58"
16-01-2024,0338515,11,366181-100,ALCASTS/A,"CHAPA FQ 3,00 SAE1010","3,0000","1.200,0000","3.000,0000","0,00","5,57","14.151,00","81.382,75"
16-01-2024,0338533,11,365510-10,KEKO,"CHAPA GR LTQ 6,30 SAE1010","6,3000","1.200,0000","3.000,0000","0,00","5,77","9.984,00","59.479,93"
16-02-2024,0340176,11,367748-10,HIDROJET,"CHAPA GR LTQ 9,50 SAE1010","9,5000","1.000,0000","2.630,0000","0,00","5,70","2.036,00","11.982,37"
16-02-2024,0340174,11,367748-10,HIDROJET,"CHAPA GR LTQ 9,50 SAE1010","9,5000","1.000,0000","2.630,0000","0,00","5,70","7.978,00","46.952,52"
16-02-2024,0340171,11,360793-10,METMETALCIN,"TIRA FF BOB 0,30 G2L290 BbOL","0,3000","243,0000","0,0000","0,00","11,90","1.001,00","12.299,04"
16-04-2024,0343228,11,371323-30,ACOPLANO,"BOB FQ 3,00 SAE1010 ACAB","3,0000","1.200,0000","0,0000","0,00","5,54","11.785,00","67.410,79"
16-04-2024,0343228,11,371323-40,ACOPLANO,"BOB FQ 2,65 CSN ARQ CIVIL 300-Q03 ACAB","2,6500","1.200,0000","0,0000","0,00","5,54","12.560,00","71.843,83"
16-04-2024,0343275,11,369754-10,METCRESPAR,"TIRA FF BOB 0,90 NBR6658 OL","0,9000","44,0000","0,0000","0,00","8,36","1.448,00","12.498,70"
16-04-2024,0343275,11,369754-20,METCRESPAR,"TIRA FF BOB 1,20 NBR6658 OL","1,2000","62,0000","0,0000","0,00","7,95","1.248,00","10.244,05"
16-04-2024,0343275,11,369754-30,METCRESPAR,"TIRA FF BOB 1,20 NBR6658 OL","1,2000","53,0000","0,0000","0,00","7,95","3.350,00","27.498,06"
16-04-2024,0343276,11,370445-10,METCRESPAR,"CHAPA FF 1,90 NBR6658 OL","1,9000","1.000,0000","1.200,0000","0,00","6,97","1.045,00","7.520,37"
16-04-2024,0343273,11,370946-10,METMETALCIN,"TIRA FF BOB 0,35 G2L290 BbOL SMODIH","0,3500","248,0000","0,0000","0,00","9,95","811,00","8.331,71"
16-05-2024,0344773,11,372897-10,OMPDOBRASI,"CHAPA ZC 1,95 NBR7008 ZC CR MI RV Z100","1,9500","1.200,0000","3.000,0000","0,00","7,38","1.454,00","11.079,26"
16-07-2024,0348280,11,375902-20,ACOPLANO,"BOB FQ 2,65 CSN ARQ CIVIL 300-Q03 ACAB","2,6500","1.200,0000","0,0000","0,00","5,54","23.650,00","135.279,18"
16-07-2024,0348260,11,372155-30,GPANIZ,"CHAPA FF 0,60 NBR6658 OL","0,6000","1.000,0000","2.000,0000","0,00","7,07","1.503,00","10.971,56"
16-07-2024,0348260,11,372155-40,GPANIZ,"CHAPA FF 0,60 NBR6658 OL","0,6000","1.000,0000","2.000,0000","0,00","7,07","1.501,00","10.956,96"
16-07-2024,0348260,11,372155-100,GPANIZ,"CHAPA FQ 3,35 NBR6658","3,3500","1.200,0000","3.000,0000","0,00","5,78","1.460,00","8.713,06"
16-08-2024,0350161,11,376351-20,METMETALCIN,"TIRA FF BOB 0,35 G2L290 BbOL","0,3500","284,0000","0,0000","0,00","9,95","969,00","9.954,90"
16-08-2024,0350162,11,372729-50,FLANTECH,"TIRA ZC BOB 1,25 NBR7008 ZC CR MI REV","1,2500","138,0000","0,0000","0,00","8,78","1.429,00","12.954,39"
16-08-2024,0350162,11,372729-80,FLANTECH,"TIRA ZC BOB 1,25 NBR7008 ZC CR MI REV","1,2500","23,5000","0,0000","0,00","9,30","6.772,00","65.026,44"
16-09-2024,0351892,11,374971-10,FLANTECH,"TIRA ZC BOB 1,25 NBR7008 ZC CR MI REV","1,2500","23,5000","0,0000","0,00","9,30","2.451,00","23.535,11"
16-09-2024,0351892,11,374971-20,FLANTECH,"TIRA ZC BOB 1,25 NBR7008 ZC CR MI REV","1,2500","23,5000","0,0000","0,00","9,30","3.643,00","34.981,00"
16-09-2024,0351892,11,374971-60,FLANTECH,"TIRA ZC BOB 1,25 NBR7008 ZC CR MI REV","1,2500","138,0000","0,0000","0,00","8,78","1.676,00","15.193,53"
16-09-2024,0351891,11,378935-30,MOFERKO,"CHAPA GR LTQ 6,30 NBR6656 LNE 38","6,3000","1.200,0000","3.000,0000","0,00","6,90","1.465,00","10.437,03"
16-09-2024,0351855,11,379319-10,ACOPLANO,"BOB FQ 2,25 CSN ARQ CIVIL 300-Q03 ACAB","2,2500","1.200,0000","0,0000","0,00","6,28","22.575,00","146.378,56"
16-10-2024,0353905,11,380329-20,GUARANY,"CHAPA FF 1,90 SAE1008 OL","1,9000","1.200,0000","3.000,0000","0,00","6,96","1.609,00","11.562,60"
16-10-2024,0353904,11,374971-40,FLANTECH,"TIRA ZC BOB 1,25 NBR7008 ZC CR MI REV","1,2500","23,5000","0,0000","0,00","9,30","3.942,00","37.852,07"
16-10-2024,0353904,11,374971-70,FLANTECH,"TIRA ZC BOB 1,25 NBR7008 ZC CR MI REV","1,2500","145,8000","0,0000","0,00","8,78","1.410,00","12.782,14"
16-12-2024,0357616,11,383493-10,CIRNA,"TIRA FQ DEC BOB 3,00 NBR6658 OL","3,0000","277,0000","0,0000","0,00","6,70","2.548,00","17.626,43"
17-01-2024,0338582,11,364171-30,FLANTECH,"TIRA ZC BOB 1,25 NBR7008 ZC CR MI REV","1,2500","23,5000","0,0000","0,00","9,95","4.190,00","43.045,44"
17-01-2024,0338582,11,365303-40,FLANTECH,"TIRA ZC BOB 1,25 NBR7008 ZC CR MI REV","1,2500","138,0000","0,0000","0,00","9,35","2.732,00","26.374,39"
17-01-2024,0338582,11,365303-50,FLANTECH,"TIRA ZC BOB 1,25 NBR7008 ZC CR MI REV","1,2500","145,8000","0,0000","0,00","9,35","1.357,00","13.100,31"
17-04-2024,0343344,11,370840-10,HIDROJET,"CHAPA GR LTQ 9,50 SAE1010","9,5000","1.000,0000","2.630,0000","0,00","5,72","3.482,00","20.564,34"
17-04-2024,0343372,11,369311-20,FLANTECH,"TIRA ZC BOB 1,25 NBR7008 ZC CR MI REV","1,2500","138,0000","0,0000","0,00","9,35","2.803,00","27.059,81"
17-04-2024,0343372,11,367458-30,FLANTECH,"TIRA ZC BOB 1,25 NBR7008 ZC CR MI REV","1,2500","23,5000","0,0000","0,00","9,95","2.989,00","30.707,12"
17-04-2024,0343372,11,367458-80,FLANTECH,"TIRA ZC BOB 1,25 NBR7008 ZC CR MI REV","1,2500","145,8000","0,0000","0,00","9,35","1.675,00","16.170,24"
17-04-2024,0343365,11,369395-10,CIRNA,"TIRA FQ DEC BOB 3,00 NBR6658 OL","3,0000","277,0000","0,0000","0,00","6,82","2.649,00","18.653,33"
17-04-2024,0343339,11,370481-10,GPANIZ,"CHAPA FQ 2,65 NBR6658","2,6500","1.200,0000","3.000,0000","0,00","5,78","2.932,00","17.497,74"
17-04-2024,0343339,11,370481-50,GPANIZ,"CHAPA FQ 3,35 NBR6658","3,3500","1.200,0000","3.000,0000","0,00","5,78","1.448,00","8.641,45"
17-04-2024,0343339,11,370481-150,GPANIZ,"CHAPA ZC 0,50 NBR7008 ZC CR NO RV Z275","0,5000","1.000,0000","2.580,0000","0,00","8,34","1.433,00","12.339,63"
17-09-2024,0352020,11,377064-10,METALSTAMP,"TIRA FF BOB 0,30 G4RL BbOL","0,3000","78,0000","0,0000","0,00","11,10","1.334,00","15.288,64"
17-09-2024,0352020,11,377064-20,METALSTAMP,"TIRA FF BOB 0,30 G4RL BbOL","0,3000","81,0000","0,0000","0,00","11,10","1.390,00","15.930,44"
17-09-2024,0352020,11,377064-30,METALSTAMP,"TIRA FF BOB 0,25 G4RL BbOL","0,2500","67,0000","0,0000","0,00","11,10","1.743,00","19.976,09"
17-10-2024,0353961,11,374151-80,MAQENGE,"TIRA FF BOB 0,60 SAE1006 OL","0,6000","290,0000","0,0000","0,00","7,72","1.378,00","10.983,90"
17-12-2024,0357645,11,383490-10,KEKO,"CHAPA GR LTQ 6,30 SAE1010","6,3000","1.200,0000","3.000,0000","0,00","6,00","9.703,00","60.110,09"
17-12-2024,0357645,11,383490-20,KEKO,"CHAPA GR LTQ 6,30 SAE1010","6,3000","1.200,0000","3.000,0000","0,00","6,00","14.647,00","90.738,17"
18-01-2024,0338676,11,365300-20,SASPLASTI,"TIRA ZC BOB 0,50 NBR7008 ZC CR NO REV","0,5000","78,0000","0,0000","0,00","8,03","1.638,00","13.580,62"
18-04-2024,0343439,11,367458-30,FLANTECH,"TIRA ZC BOB 1,25 NBR7008 ZC CR MI REV","1,2500","23,5000","0,0000","0,00","9,95","3.876,00","39.819,60"
18-04-2024,0343433,11,370827-10,KEKO,"CHAPA FQ 4,25 SAE1010","4,2500","1.500,0000","3.000,0000","0,00","5,81","5.698,00","34.181,30"
18-04-2024,0343433,11,370827-20,KEKO,"CHAPA GR LTQ 6,30 SAE1010","6,3000","1.200,0000","3.000,0000","0,00","5,81","6.007,00","36.034,94"
18-04-2024,0343440,11,369273-40,MOFERKO,"CHAPA GR LTQ 9,50 SAE1045","9,5000","1.200,0000","1.650,0000","0,00","6,67","1.538,00","10.591,86"
18-06-2024,0346559,11,372155-10,GPANIZ,"CHAPA FF 0,60 NBR6658 OL","0,6000","1.200,0000","3.000,0000","0,00","7,18","2.976,00","22.062,13"
18-06-2024,0346559,11,372362-10,GPANIZ,"CHAPA FQ 2,65 NBR6658","2,6500","1.200,0000","3.000,0000","0,00","5,78","1.689,00","10.079,70"
18-06-2024,0346559,11,372155-70,GPANIZ,"CHAPA FQ 2,65 NBR6658","2,6500","1.200,0000","3.000,0000","0,00","5,78","4.723,00","28.186,16"
18-06-2024,0346559,11,372155-130,GPANIZ,"CHAPA FQ 2,65 NBR6658","2,6500","1.200,0000","3.000,0000","0,00","5,78","5.851,00","34.917,89"
18-06-2024,0346562,11,374453-10,ACOPLANO,"BOB FQ 3,35 SAE1010 ACAB","3,3500","1.200,0000","0,0000","0,00","5,54","11.715,00","67.010,39"
18-06-2024,0346562,11,374453-20,ACOPLANO,"BOB FQ 3,75 CSN ARQ CIVIL 300-Q03 ACAB","3,7500","1.200,0000","0,0000","0,00","5,43","11.730,00","65.763,95"
18-07-2024,0348458,11,376092-10,ACOPLANO,"BOB FQ 3,75 CSN ARQ CIVIL 300-Q03 ACAB","3,7500","1.200,0000","0,0000","0,00","5,43","12.910,00","72.379,59"
18-07-2024,0348458,11,376092-20,ACOPLANO,"BOB FQ 4,75 SAE1010 ACAB","4,7500","1.200,0000","0,0000","0,00","5,43","11.970,00","67.109,51"
18-09-2024,0352066,11,379472-10,METMETALCIN,"TIRA FF BOB 0,35 G4RL BbOL","0,3500","140,0000","0,0000","0,00","11,28","1.189,00","13.847,81"
18-10-2024,0354045,11,380329-10,GUARANY,"CHAPA FQ DEC 2,65 SAE1006 OL","2,6500","1.200,0000","3.000,0000","0,00","6,48","753,00","5.038,02"
18-10-2024,0354044,11,379304-10,METALSTAMP,"TIRA FF BOB 0,25 G4RL BbOL","0,2500","67,0000","0,0000","0,00","11,45","1.161,00","13.725,49"
18-10-2024,0354043,11,380394-10,FLANTECH,"TIRA ZC BOB 1,25 NBR7008 ZC CR MI REV","1,2500","138,0000","0,0000","0,00","8,78","1.480,00","13.416,72"
18-10-2024,0354065,11,376741-10,METALMATRIX,"TIRA FQ DEC BOB 2,25 NBR6658 OL","2,2500","110,0000","0,0000","0,00","7,34","982,00","7.442,14"
18-11-2024,0355855,11,381835-40,CROCOLIIND,"CHAPA FQ 3,35 CSN ARQ CIVIL 300-Q03","3,3500","1.200,0000","2.320,0000","0,00","6,15","1.871,00","11.880,62"
18-11-2024,0355855,11,381835-50,CROCOLIIND,"CHAPA FQ 4,75 CSN ARQ CIVIL 300-Q03","4,7500","1.200,0000","3.000,0000","0,00","6,10","2.709,00","17.061,96"
18-11-2024,0355854,11,381732-40,ASPIRAZIONE,"CHAPA GR LTQ 6,30 SAE1010","6,3000","1.500,0000","3.000,0000","0,00","6,10","2.985,00","18.800,28"
18-11-2024,0355854,11,381732-70,ASPIRAZIONE,"CHAPA FQ 3,00 SAE1010","3,0000","1.200,0000","3.000,0000","0,00","6,15","4.210,00","26.732,97"
18-11-2024,0355854,11,381732-90,ASPIRAZIONE,"CHAPA GR LTQ 8,00 CSN GR A36","8,0000","1.500,0000","3.000,0000","0,00","6,10","2.614,00","16.463,63"
18-12-2024,0091852,14,384546-10,ACOPLANO,"BOB AL/ZN 0,50 ASTM A792 CN C/TQ ACA","0,5000","1.200,0000","0,0000","0,00","7,98","15.840,00","130.511,30"
18-12-2024,0091852,14,384546-20,ACOPLANO,"BOB AL/ZN 0,50 ASTM A792 CN C/TQ ACA","0,5000","1.200,0000","0,0000","0,00","7,98","15.605,00","128.575,06"
18-12-2024,0091841,14,384392-10,ACOPLANO,"BOB AL/ZN 0,43 ASTM A792 CN S/TQ ACA","0,4300","1.200,0000","0,0000","0,00","7,98","7.890,00","65.008,47"
18-12-2024,0091841,14,384392-20,ACOPLANO,"BOB AL/ZN 0,43 ASTM A792 CN S/TQ ACA","0,4300","1.200,0000","0,0000","0,00","7,98","15.975,00","131.623,62"
19-01-2024,0338757,11,360578-10,METMETALCIN,"TIRA FF BOB 0,35 G4RL BbOL","0,3500","250,0000","0,0000","0,00","11,90","1.089,00","13.380,27"
19-02-2024,0340289,11,367458-20,FLANTECH,"TIRA ZC BOB 1,25 NBR7008 ZC CR MI REV","1,2500","23,5000","0,0000","0,00","9,95","1.833,00","18.831,10"
19-02-2024,0340289,11,365303-30,FLANTECH,"TIRA ZC BOB 1,25 NBR7008 ZC CR MI REV","1,2500","23,5000","0,0000","0,00","9,95","1.596,00","16.396,31"
19-02-2024,0340289,11,367458-50,FLANTECH,"TIRA ZC BOB 1,25 NBR7008 ZC CR MI REV","1,2500","138,0000","0,0000","0,00","9,35","3.877,00","37.428,07"
19-02-2024,0340290,11,365505-30,MAQENGE,"TIRA FF BOB 0,60 SAE1006 OL","0,6000","354,0000","0,0000","0,00","7,72","1.046,00","8.337,56"
19-03-2024,0341866,11,367458-20,FLANTECH,"TIRA ZC BOB 1,25 NBR7008 ZC CR MI REV","1,2500","23,5000","0,0000","0,00","9,95","4.462,00","45.839,80"
19-03-2024,0341866,11,367458-60,FLANTECH,"TIRA ZC BOB 1,25 NBR7008 ZC CR MI REV","1,2500","138,0000","0,0000","0,00","9,35","3.086,00","29.791,86"
19-03-2024,0341866,11,367458-70,FLANTECH,"TIRA ZC BOB 1,25 NBR7008 ZC CR MI REV","1,2500","145,8000","0,0000","0,00","9,35","1.423,00","13.737,46"
19-06-2024,0346681,11,374319-10,MOFERKO,"CHAPA FQ 4,75 NBR6656 LNE 380","4,7500","1.200,0000","3.000,0000","0,00","6,47","1.511,00","10.093,90"
19-07-2024,0348576,11,374785-10,UTIMIL,"TIRA FF BOB 0,90 NBR6658 OL","0,9000","20,0000","0,0000","0,00","8,25","1.043,00","8.884,40"
19-07-2024,0348577,11,372729-50,FLANTECH,"TIRA ZC BOB 1,25 NBR7008 ZC CR MI REV","1,2500","138,0000","0,0000","0,00","8,78","2.878,00","26.090,08"
19-08-2024,0350221,11,377101-10,KIFIXINDUST,"TIRA FQ DEC BOB 3,00 NBR6658 OL","3,0000","128,0000","0,0000","0,00","7,98","3.743,00","30.839,89"
19-08-2024,0350220,11,376983-10,METCRESPAR,"TIRA FF BOB 1,20 NBR6658 OL","1,2000","53,0000","0,0000","0,00","7,95","2.402,00","19.716,52"
19-08-2024,0350220,11,376983-20,METCRESPAR,"TIRA FF BOB 1,20 NBR6658 OL","1,2000","62,0000","0,0000","0,00","7,95","1.746,00","14.331,82"
19-08-2024,0350220,11,376983-30,METCRESPAR,"TIRA FF BOB 1,20 NBR6658 OL","1,2000","74,0000","0,0000","0,00","7,95","1.185,00","9.726,92"
19-08-2024,0350215,11,377780-30,ACOPLANO,"BOB FQ 3,00 CSN ARQ CIVIL 300-Q03 ACAB","3,0000","1.200,0000","0,0000","0,00","5,82","11.920,00","71.629,07"
19-08-2024,0350214,11,377780-10,ACOPLANO,"BOB FQ 3,35 CSN ARQ CIVIL 300-Q03 ACAB","3,3500","1.200,0000","0,0000","0,00","5,82","11.475,00","68.955,00"
19-08-2024,0350200,11,377100-10,GPANIZ,"CHAPA ZC 0,50 NBR7008 ZC CR NO RV Z275","0,5000","1.000,0000","2.580,0000","0,00","8,74","1.456,00","13.139,02"
19-08-2024,0350200,11,376388-20,GPANIZ,"CHAPA FQ 2,65 NBR6658","2,6500","1.200,0000","3.000,0000","0,00","5,86","3.067,00","18.556,73"
19-09-2024,0352157,11,378958-10,METALCUBAS,"CHAPA FF 1,06 NBR5915 EEP OL","1,0600","1.200,0000","3.000,0000","0,00","7,85","1.117,00","9.053,42"
19-09-2024,0352175,11,378935-10,MOFERKO,"CHAPA FQ 4,75 NBR6656 LNE 380","4,7500","1.200,0000","3.000,0000","0,00","6,90","1.513,00","10.778,99"
19-09-2024,0352175,11,378935-20,MOFERKO,"CHAPA GR LTQ 6,30 NBR6656 LNE 38","6,3000","1.200,0000","3.000,0000","0,00","6,90","2.421,00","17.247,81"
19-09-2024,0352158,11,378328-10,MAQENGE,"TIRA FF BOB 0,60 SAE1006 OL","0,6000","80,0000","0,0000","0,00","7,57","730,00","5.705,70"
20-03-2024,0341946,11,370294-10,METMETALCIN,"TIRA FF BOB 0,35 G2L290 BbOL SMODIH","0,3500","248,0000","0,0000","0,00","9,95","955,00","9.811,07"
20-03-2024,0341946,11,370081-30,METMETALCIN,"TIRA FF BOB 0,25 G2L290 BbOL SMODIH","0,2500","166,0000","0,0000","0,00","9,95","611,00","6.277,03"
20-03-2024,0341945,11,367458-20,FLANTECH,"TIRA ZC BOB 1,25 NBR7008 ZC CR MI REV","1,2500","23,5000","0,0000","0,00","9,95","1.543,00","15.851,82"
20-06-2024,0346774,11,374781-10,METMETALCIN,"TIRA FF BOB 0,35 G2L290 BbOL SMODIH","0,3500","248,0000","0,0000","0,00","9,95","866,00","8.896,74"
20-06-2024,0346775,11,374806-10,METMETALCIN,"TIRA FF BOB 0,30 G2L290 BbOL SMODI","0,3000","298,0000","0,0000","0,00","9,00","1.189,00","11.048,78"
20-08-2024,0350320,11,377097-30,ACOPLANO,"BOB FQ 2,50 SAE1010 ACAB","2,5000","1.200,0000","0,0000","0,00","5,86","9.940,00","60.141,47"
20-08-2024,0350361,11,377190-30,UTIMIL,"TIRA ZC BOB 0,95 NBR7008 ZC CR NO REV","0,9500","69,0000","0,0000","0,00","8,55","1.252,00","11.052,50"
20-08-2024,0350321,11,377802-10,ACOPLANO,"BOB FQ 2,50 SAE1010 ACAB","2,5000","1.200,0000","0,0000","0,00","5,86","11.620,00","70.306,23"
20-11-2024,0091345,14,381063-10,ALCASTS/A,"PERFIL FQ LAM TP I 150,00 X  ASTM      13.478,40","150,0000","13,0000","6.000,0000","13,00","0,00","9,60","1.404,00"
20-11-2024,0356042,11,381192-30,MAQENGE,"TIRA FF BOB 0,60 SAE1006 OL","0,6000","213,0000","0,0000","0,00","7,72","1.938,00","15.447,60"
20-11-2024,0355990,11,381835-50,CROCOLIIND,"CHAPA FQ 4,75 CSN ARQ CIVIL 300-Q03","4,7500","1.200,0000","3.000,0000","0,00","6,10","10.304,00","64.897,17"
20-11-2024,0356004,11,381986-10,UTIMIL,"TIRA ZC BOB 0,95 NBR7008 ZC CR NO REV","0,9500","30,0000","0,0000","0,00","8,95","2.246,00","20.755,01"
20-11-2024,0356004,11,381986-20,UTIMIL,"TIRA ZC BOB 0,80 NBR7008 ZC CR NO RV Z","0,8000","54,0000","0,0000","0,00","8,95","2.212,00","20.440,82"
20-11-2024,0356040,11,381835-20,CROCOLIIND,"CHAPA FQ 2,65 CSN ARQ CIVIL 300-Q03","2,6500","1.200,0000","3.000,0000","0,00","6,15","306,00","1.943,06"
20-11-2024,0356040,11,381835-50,CROCOLIIND,"CHAPA FQ 4,75 CSN ARQ CIVIL 300-Q03","4,7500","1.200,0000","3.000,0000","0,00","6,10","2.426,00","15.279,55"
20-11-2024,0355989,11,381835-50,CROCOLIIND,"CHAPA FQ 4,75 CSN ARQ CIVIL 300-Q03","4,7500","1.200,0000","3.000,0000","0,00","6,10","11.593,00","73.015,61"
20-11-2024,0356034,11,381189-10,FLANTECH,"TIRA ZC BOB 1,25 NBR7008 ZC CR MI REV","1,2500","23,5000","0,0000","0,00","9,30","2.067,00","19.847,85"
20-11-2024,0356034,11,381189-20,FLANTECH,"TIRA ZC BOB 1,25 NBR7008 ZC CR MI REV","1,2500","23,5000","0,0000","0,00","9,30","1.979,00","19.002,85"
20-11-2024,0356034,11,380394-40,FLANTECH,"TIRA ZC BOB 1,25 NBR7008 ZC CR MI REV","1,2500","145,8000","0,0000","0,00","8,78","1.566,00","14.196,34"
20-12-2024,0357860,11,381727-10,METALMATRIX,"TIRA ZC BOB 1,95 NBR7008 ZC CR MI RV Z","1,9500","63,0000","0,0000","0,00","7,72","619,00","4.933,99"
20-12-2024,0357863,11,384536-10,SUPERACOIND,"CHAPA GR LTQ 6,30 NBR6656 LNE 380","6,3000","1.200,0000","3.000,0000","0,00","6,73","18.367,00","127.627,23"
20-12-2024,0357861,11,384536-10,SUPERACOIND,"CHAPA GR LTQ 6,30 NBR6656 LNE 380","6,3000","1.200,0000","3.000,0000","0,00","6,73","1.651,00","11.472,34"
20-12-2024,0357861,11,384627-10,SUPERACOIND,"CHAPA GR LTQ 12,50 NBR6656 LNE 380","12,5000","1.200,0000","3.000,0000","0,00","6,73","3.584,00","24.904,23"
21-02-2024,0340417,11,368922-10,METMETALCIN,"TIRA FF BOB 0,25 G2L290 BbOL SMODI","0,2500","178,0000","0,0000","0,00","9,95","1.007,00","10.345,29"
21-02-2024,0340417,11,368922-20,METMETALCIN,"TIRA FF BOB 0,30 G2RL BbOL","0,3000","120,0000","0,0000","0,00","9,95","1.321,00","13.571,13"
21-02-2024,0340417,11,368922-30,METMETALCIN,"TIRA FF BOB 0,30 G2L290 BbOL","0,3000","298,0000","0,0000","0,00","9,95","1.812,00","18.615,36"
21-02-2024,0340417,11,368922-40,METMETALCIN,"TIRA FF BOB 0,35 G4RL BbOL","0,3500","156,0000","0,0000","0,00","9,95","1.224,00","12.574,61"
21-03-2024,0341992,11,369308-10,LUPEME,"TIRA FQ DEC BOB 4,75 NBR6658 OL","4,7500","28,0000","0,0000","0,00","7,88","1.063,00","8.648,67"
21-03-2024,0341996,11,368631-10,METALSTAMP,"TIRA FF BOB 0,25 G4RL BbOL","0,2500","67,0000","0,0000","0,00","11,10","1.071,00","12.274,46"
21-03-2024,0341995,11,368885-10,KIFIXINDUST,"TIRA FQ DEC BOB 4,25 NBR6658 OL","4,2500","70,0000","0,0000","0,00","6,82","1.759,00","12.386,26"
21-05-2024,0345047,11,373096-10,METMETALCIN,"TIRA FF BOB 0,35 G2L290 BbOL SMODIH","0,3500","248,0000","0,0000","0,00","9,95","917,00","9.420,68"
21-05-2024,0345051,11,366118-50,MAQENGE,"TIRA FF BOB 0,60 SAE1006 OL","0,6000","290,0000","0,0000","0,00","7,72","1.744,00","13.901,25"
21-06-2024,0346858,11,372729-10,FLANTECH,"TIRA ZC BOB 1,25 NBR7008 ZC CR MI REV","1,2500","23,5000","0,0000","0,00","9,30","2.158,00","20.721,66"
21-06-2024,0346858,11,372729-20,FLANTECH,"TIRA ZC BOB 1,25 NBR7008 ZC CR MI REV","1,2500","23,5000","0,0000","0,00","9,30","5.900,00","56.653,28"
21-06-2024,0346858,11,372729-40,FLANTECH,"TIRA ZC BOB 1,25 NBR7008 ZC CR MI REV","1,2500","138,0000","0,0000","0,00","8,78","2.881,00","26.117,27"
21-08-2024,0350456,11,377639-10,METMETALCIN,"TIRA FF BOB 0,30 G2L290 BbOL SMODI","0,3000","298,0000","0,0000","0,00","9,00","1.149,00","10.677,08"
21-08-2024,0350422,11,377909-10,ACOPLANO,"BOB FQ 3,00 SAE1010 ACAB","3,0000","1.200,0000","0,0000","0,00","5,82","12.045,00","72.380,21"
21-08-2024,0350422,11,377909-20,ACOPLANO,"BOB FQ 2,25 CSN ARQ CIVIL 300-Q03 ACAB","2,2500","1.200,0000","0,0000","0,00","5,99","11.635,00","71.958,69"
21-10-2024,0354194,11,374971-40,FLANTECH,"TIRA ZC BOB 1,25 NBR7008 ZC CR MI REV","1,2500","23,5000","0,0000","0,00","9,30","2.022,00","19.415,75"
22-01-2024,0338806,11,364171-30,FLANTECH,"TIRA ZC BOB 1,25 NBR7008 ZC CR MI REV","1,2500","23,5000","0,0000","0,00","9,95","5.364,00","55.106,38"
22-02-2024,0340466,11,367810-10,HIDROJET,"CHAPA GR LTQ 8,00 SAE1010","8,0000","1.200,0000","2.930,0000","0,00","5,70","9.116,00","53.649,94"
22-02-2024,0340455,11,365502-70,MOFERKO,"CHAPA GR LTQ 9,50 SAE1045","9,5000","1.200,0000","1.650,0000","0,00","6,67","1.507,00","10.378,37"
22-02-2024,0340468,11,368290-40,ASPIRAZIONE,"CHAPA GR LTQ 8,00 CSN GR A36","8,0000","1.500,0000","3.000,0000","0,00","5,75","295,00","1.751,38"
22-02-2024,0340468,11,368290-50,ASPIRAZIONE,"CHAPA GR LTQ 12,50 CSN GR A36","12,5000","1.500,0000","3.000,0000","0,00","5,75","1.368,00","8.121,65"
22-04-2024,0343523,11,370481-80,GPANIZ,"CHAPA FQ 4,75 NBR6658","4,7500","1.200,0000","3.000,0000","0,00","5,67","3.005,00","17.592,10"
22-04-2024,0343523,11,370481-120,GPANIZ,"CHAPA GR LTQ 8,00 SAE1010","8,0000","1.200,0000","3.000,0000","0,00","5,67","1.631,00","9.548,32"
22-04-2024,0343523,11,370481-140,GPANIZ,"CHAPA GR LTQ 9,50 SAE1010","9,5000","1.200,0000","1.800,0000","0,00","5,67","1.472,00","8.617,49"
22-05-2024,0345090,11,373042-20,ACOPLANO,"BOB FQ 4,75 CSN GR A36 ACAB","4,7500","1.200,0000","0,0000","0,00","5,43","12.485,00","69.996,84"
22-05-2024,0345146,11,369754-10,METCRESPAR,"TIRA FF BOB 0,90 NBR6658 OL","0,9000","44,0000","0,0000","0,00","8,36","1.590,00","13.724,40"
22-05-2024,0345146,11,372019-10,METCRESPAR,"TIRA FF BOB 1,20 NBR6658 OL","1,2000","62,0000","0,0000","0,00","7,95","1.172,00","9.620,22"
22-05-2024,0345146,11,372019-20,METCRESPAR,"TIRA FF BOB 1,20 NBR6658 OL","1,2000","53,0000","0,0000","0,00","7,95","3.016,00","24.756,46"
22-05-2024,0345146,11,372019-30,METCRESPAR,"TIRA FF BOB 1,20 NBR6658 OL","1,2000","74,0000","0,0000","0,00","7,95","1.411,00","11.582,02"
22-05-2024,0345145,11,370844-10,FLANTECH,"TIRA ZC BOB 1,25 NBR7008 ZC CR MI REV","1,2500","23,5000","0,0000","0,00","9,95","3.849,00","39.542,22"
22-05-2024,0345145,11,370449-40,FLANTECH,"TIRA ZC BOB 1,25 NBR7008 ZC CR MI REV","1,2500","138,0000","0,0000","0,00","9,35","1.781,00","17.193,55"
22-05-2024,0345089,11,373042-10,ACOPLANO,"BOB FQ 3,75 CSN ARQ CIVIL 300-Q03 ACAB","3,7500","1.200,0000","0,0000","0,00","5,43","11.920,00","66.829,18"
22-07-2024,0348627,11,372731-10,METALMATRIX,"TIRA ZC BOB 0,95 NBR7008 ZC CR NO REV","0,9500","63,0000","0,0000","0,00","8,35","2.128,00","18.346,29"
22-07-2024,0348608,11,376177-10,ACOPLANO,"BOB FQ 2,65 CSN ARQ CIVIL 300-Q03 ACAB","2,6500","1.200,0000","0,0000","0,00","5,72","23.215,00","137.105,47"
22-08-2024,0350482,11,376987-10,KEKO,"CHAPA FQ 4,25 NBR6656 LNE 38","4,2500","1.200,0000","3.000,0000","0,00","6,60","3.073,00","20.940,96"
22-08-2024,0350508,11,377512-10,FLANTECH,"TIRA ZC BOB 1,25 NBR7008 ZC CR MI REV","1,2500","32,0000","0,0000","0,00","9,30","508,00","4.877,94"
22-08-2024,0350508,11,372729-50,FLANTECH,"TIRA ZC BOB 1,25 NBR7008 ZC CR MI REV","1,2500","138,0000","0,0000","0,00","8,78","1.442,00","13.072,23"
22-08-2024,0350476,11,376987-20,KEKO,"CHAPA GR LTQ 6,30 NBR6656 LNE 38","6,3000","1.200,0000","3.000,0000","0,00","6,60","6.069,00","41.357,20"
22-10-2024,0354230,11,380400-10,SASPLASTI,"TIRA FQ DEC BOB 2,65 NBR6658 OL","2,6500","36,0000","0,0000","0,00","7,43","1.253,00","9.612,36"
22-10-2024,0354269,11,374971-40,FLANTECH,"TIRA ZC BOB 1,25 NBR7008 ZC CR MI REV","1,2500","23,5000","0,0000","0,00","9,30","1.894,00","18.186,66"
22-10-2024,0354269,11,374971-50,FLANTECH,"TIRA ZC BOB 1,25 NBR7008 ZC CR MI REV","1,2500","23,5000","0,0000","0,00","9,30","1.560,00","14.979,51"
22-11-2024,0091384,14,382883-10,ACOPLANO,"BOB AL/ZN 0,43 ASTM A792 CN S/TQ ACA","0,4300","1.200,0000","0,0000","0,00","7,95","15.070,00","123.700,21"
22-11-2024,0091384,14,382883-20,ACOPLANO,"BOB AL/ZN 0,50 ASTM A792 CN C/TQ ACA","0,5000","1.200,0000","0,0000","0,00","7,95","7.855,00","64.476,79"
23-01-2024,0338866,11,364172-30,METALMATRIX,"TIRA ZC BOB 0,95 NBR7008 ZC CR NO REV","0,9500","63,0000","0,0000","0,00","8,35","1.960,00","16.897,90"
23-02-2024,0340560,11,368924-10,ACOPLANO,"BOB FQ 3,00 SAE1010 ACAB","3,0000","1.500,0000","0,0000","0,00","5,62","13.295,00","77.146,23"
23-04-2024,0343636,11,369311-20,FLANTECH,"TIRA ZC BOB 1,25 NBR7008 ZC CR MI REV","1,2500","138,0000","0,0000","0,00","9,35","1.417,00","13.679,54"
23-04-2024,0343636,11,367458-40,FLANTECH,"TIRA ZC BOB 1,25 NBR7008 ZC CR MI REV","1,2500","23,5000","0,0000","0,00","9,95","7.299,00","74.985,36"
23-05-2024,0345209,11,371956-10,UTIMIL,"TIRA ZC BOB 0,95 NBR7008 ZC CR NO REV","0,9500","30,0000","0,0000","0,00","9,24","2.301,00","21.952,23"
23-05-2024,0345175,11,373042-40,ACOPLANO,"BOB FQ 2,50 SAE1010 ACAB","2,5000","1.200,0000","0,0000","0,00","5,58","24.825,00","143.025,51"
23-05-2024,0345165,11,372485-10,SASPLASTI,"TIRA ZC BOB 0,50 NBR7008 ZC CR NO REV","0,5000","78,0000","0,0000","0,00","8,53","2.228,00","19.622,50"
23-07-2024,0348700,11,376465-10,ACOPLANO,"BOB FQ 4,25 SAE1010 ACAB","4,2500","1.200,0000","0,0000","0,00","5,43","12.020,00","67.389,83"
23-07-2024,0348734,11,375815-10,HIDROJET,"CHAPA GR LTQ 9,50 SAE1010","9,5000","1.000,0000","2.630,0000","0,00","5,75","11.382,00","67.573,51"
23-07-2024,0348734,11,375815-20,HIDROJET,"CHAPA GR LTQ 9,50 SAE1010","9,5000","1.200,0000","2.890,0000","0,00","5,75","2.691,00","15.976,13"
23-10-2024,0354331,11,381055-30,ALCASTS/A,"CHAPA FQ 2,65 CSN GR A36","2,6500","1.500,0000","3.000,0000","0,00","5,81","9.964,00","59.772,29"
24-01-2024,0338895,11,365510-20,KEKO,"CHAPA FQ 4,25 NBR6656 LNE 38","4,2500","1.200,0000","3.000,0000","0,00","6,57","7.940,00","53.861,19"
24-01-2024,0338947,11,360790-10,METALSTAMP,"TIRA FF BOB 0,25 G4RL BbOL","0,2500","67,0000","0,0000","0,00","11,95","1.079,00","13.313,11"
24-01-2024,0338946,11,365303-20,FLANTECH,"TIRA ZC BOB 1,25 NBR7008 ZC CR MI REV","1,2500","23,5000","0,0000","0,00","9,95","3.044,00","31.272,15"
24-01-2024,0338946,11,364171-30,FLANTECH,"TIRA ZC BOB 1,25 NBR7008 ZC CR MI REV","1,2500","23,5000","0,0000","0,00","9,95","1.732,00","17.793,49"
24-01-2024,0338946,11,365303-40,FLANTECH,"TIRA ZC BOB 1,25 NBR7008 ZC CR MI REV","1,2500","138,0000","0,0000","0,00","9,35","1.689,00","16.305,39"
24-04-2024,0343727,11,370843-10,LUPEME,"TIRA FQ DEC BOB 4,75 NBR6658 OL","4,7500","28,0000","0,0000","0,00","7,88","956,00","7.778,11"
24-04-2024,0343669,11,371833-10,GPANIZ,"CHAPA FQ 4,75 NBR6658","4,7500","1.200,0000","3.000,0000","0,00","5,67","3.005,00","17.592,10"
24-04-2024,0343669,11,371833-20,GPANIZ,"CHAPA GR LTQ 8,00 SAE1010","8,0000","1.200,0000","3.000,0000","0,00","5,67","1.631,00","9.548,32"
24-04-2024,0343669,11,371833-30,GPANIZ,"CHAPA GR LTQ 9,50 SAE1010","9,5000","1.200,0000","1.800,0000","0,00","5,67","1.472,00","8.617,49"
24-04-2024,0343668,11,370481-30,GPANIZ,"CHAPA FQ 2,65 NBR6658","2,6500","1.200,0000","3.000,0000","0,00","5,78","2.935,00","17.515,64"
24-04-2024,0343668,11,370481-60,GPANIZ,"CHAPA FQ 3,35 NBR6658","3,3500","1.200,0000","3.000,0000","0,00","5,78","1.443,00","8.611,61"
24-04-2024,0343668,11,370481-110,GPANIZ,"CHAPA GR LTQ 6,30 SAE1010","6,3000","1.200,0000","3.000,0000","0,00","5,67","2.964,00","17.352,07"
24-04-2024,0343668,11,370481-160,GPANIZ,"CHAPA ZC 0,50 NBR7008 ZC CR NO RV Z275","0,5000","1.000,0000","2.580,0000","0,00","8,34","1.429,00","12.305,19"
24-04-2024,0343668,11,370481-170,GPANIZ,"CHAPA ZC 0,50 NBR7008 ZC CR NO RV Z275","0,5000","1.200,0000","3.000,0000","0,00","8,34","1.474,00","12.692,69"
24-04-2024,0343728,11,369273-50,MOFERKO,"CHAPA GR LTQ 9,50 SAE1045","9,5000","1.200,0000","1.650,0000","0,00","6,67","1.531,00","10.543,65"
24-05-2024,0345210,11,371377-10,GPANIZ,"CHAPA FQ 2,65 NBR6658","2,6500","1.200,0000","3.000,0000","0,00","5,78","4.523,00","26.992,59"
24-06-2024,0088950,14,374607-20,OMPDOBRASI,"CHAPA GR LCG 25,00 ASTM A 36","25,0000","1.000,0000","3.000,0000","0,00","7,95","7.065,00","57.992,17"
24-07-2024,0348748,11,375815-20,HIDROJET,"CHAPA GR LTQ 9,50 SAE1010","9,5000","1.200,0000","2.890,0000","0,00","5,75","11.751,00","69.764,22"
24-07-2024,0348771,11,376394-10,ACOPLANO,"BOB FQ 3,35 CSN ARQ CIVIL 300-Q03 ACAB","3,3500","1.200,0000","0,0000","0,00","5,72","26.375,00","155.768,11"
24-09-2024,0352326,11,378812-10,LUPEME,"TIRA FQ DEC BOB 4,75 NBR6658 OL","4,7500","35,0000","0,0000","0,00","7,88","2.004,00","16.304,74"
24-09-2024,0352350,11,376987-10,KEKO,"CHAPA FQ 4,25 NBR6656 LNE 38","4,2500","1.200,0000","3.000,0000","0,00","6,60","4.529,00","30.862,87"
24-09-2024,0352350,11,378098-20,KEKO,"CHAPA FQ 4,25 NBR6656 LNE 38","4,2500","1.200,0000","3.000,0000","0,00","6,60","2.329,00","15.870,97"
24-09-2024,0352324,11,374971-20,FLANTECH,"TIRA ZC BOB 1,25 NBR7008 ZC CR MI REV","1,2500","23,5000","0,0000","0,00","9,30","5.705,00","54.780,84"
24-09-2024,0352299,11,379278-10,SUPERACOIND,"BOB FQ 4,75 NBR6656 LNE 380 ACAB","4,7500","1.200,0000","0,0000","0,00","6,61","12.175,00","83.092,24"
24-10-2024,0354395,11,381363-10,ACOPLANO,"BOB FQ 2,50 SAE1010 ACAB","2,5000","1.200,0000","0,0000","0,00","6,15","23.930,00","151.952,51"
24-10-2024,0354440,11,381055-40,ALCASTS/A,"CHAPA FQ 3,00 SAE1010","3,0000","1.200,0000","3.000,0000","0,00","5,81","9.772,00","58.620,52"
25-01-2024,0338979,11,365505-10,MAQENGE,"TIRA FF BOB 0,60 SAE1006 OL","0,6000","354,0000","0,0000","0,00","7,72","913,00","7.277,43"
25-01-2024,0338979,11,366118-10,MAQENGE,"TIRA FF BOB 0,60 SAE1006 OL","0,6000","290,0000","0,0000","0,00","7,72","2.309,00","18.404,81"
25-01-2024,0338979,11,365505-70,MAQENGE,"TIRA FF BOB 0,60 SAE1006 OL","0,6000","213,0000","0,0000","0,00","7,72","1.649,00","13.144,01"
25-01-2024,0338980,11,365502-50,MOFERKO,"CHAPA GR LTQ 9,50 SAE1045","9,5000","1.200,0000","1.650,0000","0,00","6,67","1.524,00","10.495,45"
25-03-2024,0342186,11,369114-10,METALMATRIX,"TIRA ZC BOB 1,25 NBR7008 ZC CR MI REV","1,2500","19,0000","0,0000","0,00","8,98","464,00","4.302,14"
25-06-2024,0347007,11,375044-10,ACOPLANO,"BOB FQ 2,65 CSN ARQ CIVIL 300-Q03 ACAB","2,6500","1.200,0000","0,0000","0,00","5,54","11.950,00","68.354,60"
25-06-2024,0347007,11,375044-20,ACOPLANO,"BOB FQ 3,75 CSN ARQ CIVIL 300-Q03 ACAB","3,7500","1.200,0000","0,0000","0,00","5,43","11.640,00","65.259,37"
25-10-2024,0354521,11,380394-10,FLANTECH,"TIRA ZC BOB 1,25 NBR7008 ZC CR MI REV","1,2500","138,0000","0,0000","0,00","8,78","2.001,00","18.139,77"
25-10-2024,0354521,11,374971-50,FLANTECH,"TIRA ZC BOB 1,25 NBR7008 ZC CR MI REV","1,2500","23,5000","0,0000","0,00","9,30","2.509,00","24.092,05"
25-10-2024,0354517,11,380644-10,METCOSBI,"TIRA FF BOB 1,90 NBR6658 OL","1,9000","19,0000","0,0000","0,00","7,70","1.296,00","10.303,52"
25-10-2024,0354467,11,381055-40,ALCASTS/A,"CHAPA FQ 3,00 SAE1010","3,0000","1.200,0000","3.000,0000","0,00","5,81","9.809,00","58.842,47"
25-11-2024,0356256,11,381835-10,CROCOLIIND,"CHAPA GR LTQ 8,00 CSN ARQ CIVIL 300-Q","8,0000","1.200,0000","3.000,0000","0,00","6,10","931,00","5.863,67"
25-11-2024,0356256,11,381835-30,CROCOLIIND,"CHAPA FQ 3,75 CSN ARQ CIVIL 300-Q03","3,7500","1.200,0000","3.000,0000","0,00","6,10","1.304,00","8.212,92"
25-11-2024,0356292,11,381189-20,FLANTECH,"TIRA ZC BOB 1,25 NBR7008 ZC CR MI REV","1,2500","23,5000","0,0000","0,00","9,30","5.642,00","54.175,89"
25-11-2024,0356255,11,381732-80,ASPIRAZIONE,"CHAPA FQ 3,00 SAE1010","3,0000","1.200,0000","3.000,0000","0,00","6,15","4.287,00","27.221,91"
25-11-2024,0356293,11,383169-10,GUARANY,"CHAPA FQ DEC 2,65 SAE1006 OL","2,6500","1.200,0000","3.000,0000","0,00","6,48","1.792,00","11.989,56"
26-01-2024,0339061,11,366311-10,ALCAST,"TIRA ZC BOB 1,25 NBR7008 ZC CR MI REV","1,2500","40,0000","0,0000","0,00","7,65","11.133,00","87.935,39"
26-01-2024,0339027,11,366547-10,METALMATRIX,"TIRA ZC BOB 1,95 NBR7008 ZC CR MI RV Z","1,9500","87,0000","0,0000","0,00","7,92","4.958,00","40.543,55"
26-01-2024,0339027,11,364172-30,METALMATRIX,"TIRA ZC BOB 0,95 NBR7008 ZC CR NO REV","0,9500","63,0000","0,0000","0,00","8,35","1.887,00","16.268,53"
26-02-2024,0340660,11,367733-10,METALSTAMP,"TIRA FF BOB 0,35 G4RL BbOL","0,3500","37,0000","0,0000","0,00","11,10","1.179,00","13.512,22"
26-02-2024,0340636,11,368529-10,ASPIRAZIONE,"CHAPA FQ 3,00 SAE1010","3,0000","1.200,0000","3.000,0000","0,00","5,86","2.861,00","17.310,34"
26-02-2024,0340636,11,368290-20,ASPIRAZIONE,"CHAPA FQ 4,25 CSN GR A36","4,2500","1.500,0000","3.000,0000","0,00","5,75","1.855,00","11.012,90"
26-03-2024,0342256,11,366118-60,MAQENGE,"TIRA FF BOB 0,60 SAE1006 OL","0,6000","290,0000","0,0000","0,00","7,72","1.407,00","11.215,06"
26-03-2024,0342255,11,367458-10,FLANTECH,"TIRA ZC BOB 1,25 NBR7008 ZC CR MI REV","1,2500","23,5000","0,0000","0,00","9,95","3.869,00","39.747,69"
26-03-2024,0342255,11,367458-20,FLANTECH,"TIRA ZC BOB 1,25 NBR7008 ZC CR MI REV","1,2500","23,5000","0,0000","0,00","9,95","1.599,00","16.427,13"
26-03-2024,0342255,11,367458-60,FLANTECH,"TIRA ZC BOB 1,25 NBR7008 ZC CR MI REV","1,2500","138,0000","0,0000","0,00","9,35","3.102,00","29.946,32"
26-03-2024,0342254,11,367983-30,METALSTAMP,"TIRA FF BOB 0,40 NBR6658 OL SMODIH","0,4000","54,0000","0,0000","0,00","7,35","1.033,00","7.839,31"
26-03-2024,0342254,11,367983-40,METALSTAMP,"TIRA FF BOB 0,40 NBR6658 OL SMODIH","0,4000","46,5000","0,0000","0,00","7,35","1.190,00","9.030,76"
26-06-2024,0347088,11,371632-20,METALMATRIX,"TIRA ZC BOB 0,95 NBR7008 ZC CR NO REV","0,9500","63,0000","0,0000","0,00","8,35","2.309,00","19.906,75"
26-06-2024,0347161,11,374151-10,MAQENGE,"TIRA FF BOB 0,60 SAE1006 OL","0,6000","290,0000","0,0000","0,00","7,72","2.012,00","16.037,45"
26-06-2024,0089006,14,375089-10,MOFERKO,"CHAPA GR LCG 25,00 ASTM A 36","25,0000","2.000,0000","6.000,0000","0,00","8,00","2.355,00","19.452,30"
26-06-2024,0347089,11,370920-40,GPANIZ,"CHAPA FQ 3,35 NBR6658","3,3500","1.200,0000","3.000,0000","0,00","5,78","3.189,00","19.031,47"
26-06-2024,0347089,11,372155-120,GPANIZ,"CHAPA ZC 0,50 NBR7008 ZC CR NO RV Z275","0,5000","1.200,0000","3.000,0000","0,00","8,30","2.916,00","24.989,39"
26-07-2024,0348932,11,374151-30,MAQENGE,"TIRA FF BOB 0,60 SAE1006 OL","0,6000","290,0000","0,0000","0,00","7,72","1.362,00","10.856,37"
26-07-2024,0348930,11,372729-20,FLANTECH,"TIRA ZC BOB 1,25 NBR7008 ZC CR MI REV","1,2500","23,5000","0,0000","0,00","9,30","3.517,00","33.771,11"
26-07-2024,0348930,11,372729-30,FLANTECH,"TIRA ZC BOB 1,25 NBR7008 ZC CR MI REV","1,2500","23,5000","0,0000","0,00","9,30","1.731,00","16.621,49"
26-07-2024,0348930,11,372729-50,FLANTECH,"TIRA ZC BOB 1,25 NBR7008 ZC CR MI REV","1,2500","138,0000","0,0000","0,00","8,78","1.439,00","13.045,04"
26-08-2024,0350716,11,377100-30,GPANIZ,"CHAPA ZC 0,50 NBR7008 ZC CR NO RV Z275","0,5000","1.200,0000","3.000,0000","0,00","8,74","1.586,00","14.312,14"
26-08-2024,0350715,11,377100-20,GPANIZ,"CHAPA ZC 0,50 NBR7008 ZC CR NO RV Z275","0,5000","1.000,0000","2.580,0000","0,00","8,74","1.507,00","13.599,24"
26-08-2024,0350689,11,376983-10,METCRESPAR,"TIRA FF BOB 1,20 NBR6658 OL","1,2000","53,0000","0,0000","0,00","7,95","1.870,00","15.349,66"
26-08-2024,0350683,11,377862-10,OMPDOBRASI,"CHAPA ZC 2,70 NBR7008 ZC CR NO RV Z275","2,7000","1.200,0000","3.000,0000","0,00","7,76","2.988,00","23.940,45"
26-09-2024,0352552,11,379967-10,OMPDOBRASI,"CHAPA ZC 2,70 NBR7008 ZC CR NO RV Z275","2,7000","1.200,0000","3.000,0000","0,00","7,84","1.313,00","10.628,47"
26-09-2024,0352551,11,378257-10,UTIMIL,"TIRA ZC BOB 0,95 NBR7008 ZC CR NO REV","0,9500","30,0000","0,0000","0,00","8,95","1.490,00","13.768,90"
26-10-2024,0354567,11,381055-40,ALCASTS/A,"CHAPA FQ 3,00 SAE1010","3,0000","1.200,0000","3.000,0000","0,00","5,81","3.848,00","23.083,48"
26-11-2024,0356339,11,381192-40,MAQENGE,"TIRA FF BOB 0,60 SAE1006 OL","0,6000","213,0000","0,0000","0,00","7,72","1.610,00","12.833,15"
26-11-2024,0356339,11,381192-80,MAQENGE,"TIRA FF BOB 0,60 SAE1006 OL","0,6000","290,0000","0,0000","0,00","7,72","2.191,00","17.464,24"
26-11-2024,0356362,11,381725-10,METALSTAMP,"TIRA FF BOB 0,30 G4RL BbOL","0,3000","81,0000","0,0000","0,00","11,45","883,00","10.438,94"
26-11-2024,0356362,11,381725-20,METALSTAMP,"TIRA FF BOB 0,25 G4RL BbOL","0,2500","67,0000","0,0000","0,00","11,45","950,00","11.231,02"
27-02-2024,0340710,11,365303-10,FLANTECH,"TIRA ZC BOB 1,25 NBR7008 ZC CR MI REV","1,2500","23,5000","0,0000","0,00","9,95","2.497,00","25.652,62"
27-02-2024,0340710,11,364025-20,FLANTECH,"TIRA ZC BOB 1,25 NBR7008 ZC CR MI REV","1,2500","32,0000","0,0000","0,00","9,95","555,00","5.701,72"
27-02-2024,0340710,11,365303-20,FLANTECH,"TIRA ZC BOB 1,25 NBR7008 ZC CR MI REV","1,2500","23,5000","0,0000","0,00","9,95","5.545,00","56.965,86"
27-02-2024,0340708,11,367810-20,HIDROJET,"CHAPA GR LTQ 8,00 SAE1010","8,0000","1.200,0000","2.930,0000","0,00","5,70","6.825,00","40.166,83"
27-05-2024,0345348,11,370844-10,FLANTECH,"TIRA ZC BOB 1,25 NBR7008 ZC CR MI REV","1,2500","23,5000","0,0000","0,00","9,95","5.751,00","59.082,18"
27-05-2024,0345348,11,370844-20,FLANTECH,"TIRA ZC BOB 1,25 NBR7008 ZC CR MI REV","1,2500","23,5000","0,0000","0,00","9,95","2.008,00","20.628,94"
27-05-2024,0345348,11,370449-40,FLANTECH,"TIRA ZC BOB 1,25 NBR7008 ZC CR MI REV","1,2500","138,0000","0,0000","0,00","9,35","1.779,00","17.174,24"
27-05-2024,0345346,11,373380-10,METMETALCIN,"TIRA FF BOB 0,35 G2L290 BbOL SMODIH","0,3500","248,0000","0,0000","0,00","9,95","913,00","9.379,59"
27-09-2024,0352645,11,374971-20,FLANTECH,"TIRA ZC BOB 1,25 NBR7008 ZC CR MI REV","1,2500","23,5000","0,0000","0,00","9,30","2.127,00","20.423,99"
27-09-2024,0352645,11,374971-60,FLANTECH,"TIRA ZC BOB 1,25 NBR7008 ZC CR MI REV","1,2500","138,0000","0,0000","0,00","8,78","1.712,00","15.519,88"
27-09-2024,0352645,11,374971-70,FLANTECH,"TIRA ZC BOB 1,25 NBR7008 ZC CR MI REV","1,2500","145,8000","0,0000","0,00","8,78","1.433,00","12.990,65"
27-09-2024,0352644,11,380067-10,METMETALCIN,"TIRA FF BOB 0,30 G2L290 BbOL SMODI","0,3000","295,0000","0,0000","0,00","9,95","892,00","9.163,85"
27-12-2024,0357964,11,383231-10,FLANTECH,"TIRA ZC BOB 1,25 NBR7008 ZC CR MI REV","1,2500","23,5000","0,0000","0,00","9,30","1.506,00","14.460,99"
27-12-2024,0357964,11,383231-20,FLANTECH,"TIRA ZC BOB 1,25 NBR7008 ZC CR MI REV","1,2500","23,5000","0,0000","0,00","9,30","3.365,00","32.311,57"
27-12-2024,0357963,11,382173-10,FLANTECH,"TIRA ZC BOB 1,25 NBR7008 ZC CR MI REV","1,2500","145,8000","0,0000","0,00","8,78","1.375,00","12.464,86"
27-12-2024,0357963,11,381189-40,FLANTECH,"TIRA ZC BOB 1,25 NBR7008 ZC CR MI REV","1,2500","138,0000","0,0000","0,00","8,78","1.831,00","16.598,66"
28-03-2024,0342425,11,370535-10,METMETALCIN,"TIRA FF BOB 0,35 G2L290 BbOL SMODIH","0,3500","248,0000","0,0000","0,00","9,95","951,00","9.769,98"
28-05-2024,0345427,11,369010-10,JARFLEX,"CHAPA FF 2,65 NBR5915 EEP OL","2,6500","1.500,0000","3.020,0000","0,00","7,97","3.993,00","32.858,50"
28-05-2024,0345391,11,373370-10,ACOPLANO,"BOB FQ 2,65 CSN ARQ CIVIL 300-Q03 ACAB","2,6500","1.200,0000","0,0000","0,00","5,54","12.820,00","73.331,04"
28-05-2024,0345391,11,373370-20,ACOPLANO,"BOB FQ 3,00 CSN ARQ CIVIL 300-Q03 ACAB","3,0000","1.200,0000","0,0000","0,00","5,54","11.975,00","68.497,60"
28-05-2024,0345425,11,372194-10,KEKO,"CHAPA GR LTQ 6,30 SAE1010","6,3000","1.200,0000","3.000,0000","0,00","5,81","5.847,00","35.075,13"
28-05-2024,0345425,11,372194-20,KEKO,"CHAPA FQ 4,25 SAE1010","4,2500","1.500,0000","3.000,0000","0,00","5,81","6.405,00","38.422,47"
28-06-2024,0347379,11,372729-10,FLANTECH,"TIRA ZC BOB 1,25 NBR7008 ZC CR MI REV","1,2500","23,5000","0,0000","0,00","9,30","5.267,00","50.575,05"
28-06-2024,0347379,11,372729-40,FLANTECH,"TIRA ZC BOB 1,25 NBR7008 ZC CR MI REV","1,2500","138,0000","0,0000","0,00","8,78","1.439,00","13.045,04"
28-06-2024,0347379,11,372729-60,FLANTECH,"TIRA ZC BOB 1,25 NBR7008 ZC CR MI REV","1,2500","145,8000","0,0000","0,00","8,78","1.472,00","13.344,20"
28-08-2024,0350880,11,377945-10,CIRNA,"TIRA FQ DEC BOB 3,00 NBR6658 OL","3,0000","277,0000","0,0000","0,00","6,70","4.835,00","33.447,32"
28-09-2024,0352683,11,378574-10,METALMATRIX,"TIRA ZC BOB 1,95 NBR7008 ZC CR MI RV Z","1,9500","63,0000","0,0000","0,00","7,72","607,00","4.838,34"
28-09-2024,0352683,11,379318-10,METALMATRIX,"TIRA ZC BOB 1,95 NBR7008 ZC CR MI RV Z","1,9500","32,0000","0,0000","0,00","8,30","7.317,00","62.704,86"
28-09-2024,0352683,11,378259-30,METALMATRIX,"TIRA FQ DEC BOB 2,25 NBR6658 OL","2,2500","110,0000","0,0000","0,00","7,34","559,00","4.236,41"
28-10-2024,0354594,11,381545-10,ACOPLANO,"BOB FQ 2,65 CSN ARQ CIVIL 300-Q03 ACAB","2,6500","1.200,0000","0,0000","0,00","6,11","24.345,00","153.582,26"
28-10-2024,0354653,11,380394-40,FLANTECH,"TIRA ZC BOB 1,25 NBR7008 ZC CR MI REV","1,2500","145,8000","0,0000","0,00","8,78","1.576,00","14.286,99"
28-10-2024,0354653,11,374971-50,FLANTECH,"TIRA ZC BOB 1,25 NBR7008 ZC CR MI REV","1,2500","23,5000","0,0000","0,00","9,30","2.687,00","25.801,25"
28-11-2024,0356533,11,381189-30,FLANTECH,"TIRA ZC BOB 1,25 NBR7008 ZC CR MI REV","1,2500","23,5000","0,0000","0,00","9,30","5.436,00","52.197,83"
28-11-2024,0356533,11,381189-40,FLANTECH,"TIRA ZC BOB 1,25 NBR7008 ZC CR MI REV","1,2500","138,0000","0,0000","0,00","8,78","1.844,00","16.716,51"
28-11-2024,0091473,14,382883-20,ACOPLANO,"BOB AL/ZN 0,50 ASTM A792 CN C/TQ ACA","0,5000","1.200,0000","0,0000","0,00","7,95","7.975,00","65.461,79"
29-01-2024,0339096,11,366181-30,ALCASTS/A,"CHAPA FQ 2,65 SAE1008","2,6500","1.500,0000","3.000,0000","0,00","5,57","13.715,00","78.875,31"
29-01-2024,0339096,11,366181-90,ALCASTS/A,"CHAPA GR LTQ 6,30 CSN GR A36","6,3000","1.500,0000","3.000,0000","0,00","5,47","1.375,00","7.765,69"
29-01-2024,0339134,11,366181-30,ALCASTS/A,"CHAPA FQ 2,65 SAE1008","2,6500","1.500,0000","3.000,0000","0,00","5,57","8.033,00","46.197,98"
29-01-2024,0339144,11,360793-10,METMETALCIN,"TIRA FF BOB 0,30 G2L290 BbOL","0,3000","243,0000","0,0000","0,00","11,90","952,00","11.696,99"
29-02-2024,0340858,11,369304-10,ACOPLANO,"BOB FQ 4,25 CSN ARQ CIVIL 300-Q03 ACAB","4,2500","1.200,0000","0,0000","0,00","5,51","12.710,00","72.308,14"
29-02-2024,0340905,11,368290-10,ASPIRAZIONE,"CHAPA FQ 3,00 SAE1010","3,0000","1.200,0000","3.000,0000","0,00","5,86","5.229,00","31.637,80"
29-02-2024,0340905,11,368529-10,ASPIRAZIONE,"CHAPA FQ 3,00 SAE1010","3,0000","1.200,0000","3.000,0000","0,00","5,86","1.460,00","8.833,66"
29-04-2024,0343982,11,370481-90,GPANIZ,"CHAPA FQ 4,75 NBR6658","4,7500","1.200,0000","3.000,0000","0,00","5,67","2.960,00","17.328,65"
29-04-2024,0343980,11,367458-40,FLANTECH,"TIRA ZC BOB 1,25 NBR7008 ZC CR MI REV","1,2500","23,5000","0,0000","0,00","9,95","3.810,00","39.141,56"
29-04-2024,0343979,11,370946-40,METMETALCIN,"TIRA FF BOB 0,35 G2L290 BbOL SMODIH","0,3500","248,0000","0,0000","0,00","9,95","958,00","9.841,89"
29-04-2024,0343943,11,371835-10,ACOPLANO,"BOB FQ 3,35 ASTM A 36 - ACAB","3,3500","1.200,0000","0,0000","0,00","5,54","12.570,00","71.901,03"
29-04-2024,0343943,11,371835-20,ACOPLANO,"BOB FQ 3,75 SAE1010 ACAB","3,7500","1.200,0000","0,0000","0,00","5,43","11.850,00","66.436,73"
29-04-2024,0343957,11,369273-60,MOFERKO,"CHAPA GR LTQ 9,50 SAE1045","9,5000","1.200,0000","1.650,0000","0,00","6,67","1.534,00","10.564,31"
29-04-2024,0343958,11,369311-20,FLANTECH,"TIRA ZC BOB 1,25 NBR7008 ZC CR MI REV","1,2500","138,0000","0,0000","0,00","9,35","2.689,00","25.959,27"
29-05-2024,0345456,11,373370-30,ACOPLANO,"BOB FQ 2,00 CSN ARQ CIVIL 300-Q03 ACAB","2,0000","1.200,0000","0,0000","0,00","5,71","11.990,00","70.687,94"
29-05-2024,0345456,11,373370-40,ACOPLANO,"BOB FQ 3,35 CSN ARQ CIVIL 300-Q03 ACAB","3,3500","1.200,0000","0,0000","0,00","5,54","11.930,00","68.240,20"
29-05-2024,0345518,11,373040-10,MOFERKO,"CHAPA GR LTQ 6,30 NBR6656 LNE 38","6,3000","1.200,0000","3.000,0000","0,00","6,37","3.328,00","21.888,34"
29-05-2024,0345516,11,373490-10,OMPDOBRASI,"CHAPA ZC 1,55 NBR7008 ZC CR MI RV Z275","1,5500","1.200,0000","3.000,0000","0,00","7,44","1.544,00","11.860,70"
29-07-2024,0349004,11,369010-10,JARFLEX,"CHAPA FF 2,65 NBR5915 EEP OL","2,6500","1.500,0000","3.020,0000","0,00","7,97","3.965,00","32.628,08"
29-07-2024,0348961,11,376679-10,ACOPLANO,"BOB FQ 3,35 CSN ARQ CIVIL 300-Q03 ACAB","3,3500","1.200,0000","0,0000","0,00","5,82","12.750,00","76.616,66"
29-07-2024,0348961,11,376679-20,ACOPLANO,"BOB GR LTQ 12,50 ASTM A 36 ACAB","12,5000","1.500,0000","0,0000","0,00","5,70","13.555,00","79.774,56"
29-10-2024,0354674,11,381371-10,SASPLASTI,"TIRA ZC BOB 1,25 NBR7008 ZC CR NO REV","1,2500","34,0000","0,0000","0,00","8,25","3.941,00","33.569,93"
30-01-2024,0339207,11,366181-30,ALCASTS/A,"CHAPA FQ 2,65 SAE1008","2,6500","1.500,0000","3.000,0000","0,00","5,57","4.012,00","23.073,11"
30-04-2024,0344069,11,369711-10,KIFIXINDUST,"TIRA FQ DEC BOB 3,00 NBR6658 OL","3,0000","128,0000","0,0000","0,00","7,82","2.342,00","18.909,66"
30-04-2024,0343998,11,371951-10,ACOPLANO,"BOB FQ 4,25 CSN ARQ CIVIL 300-Q03 ACAB","4,2500","1.200,0000","0,0000","0,00","5,43","12.005,00","67.305,73"
30-04-2024,0343998,11,371951-20,ACOPLANO,"BOB FQ 4,75 CSN ARQ CIVIL 300-Q03 ACAB","4,7500","1.200,0000","0,0000","0,00","5,43","12.155,00","68.146,70"
30-04-2024,0344068,11,369311-10,FLANTECH,"TIRA ZC BOB 1,25 NBR7008 ZC CR MI REV","1,2500","23,5000","0,0000","0,00","9,95","1.595,00","16.386,03"
30-07-2024,0349097,11,376351-10,METMETALCIN,"TIRA FF BOB 0,35 G2L290 BbOL","0,3500","229,0000","0,0000","0,00","9,95","1.555,00","15.975,10"
30-07-2024,0349087,11,375504-20,ALCAST,"TIRA ZC BOB 1,25 NBR7008 ZC CR MI REV","1,2500","40,0000","0,0000","0,00","7,85","11.403,00","92.422,74"
30-07-2024,0349045,11,376596-10,ACOPLANO,"BOB FQ 2,65 CSN ARQ CIVIL 300-Q03 ACAB","2,6500","1.500,0000","0,0000","0,00","5,82","12.940,00","77.758,40"
30-07-2024,0349045,11,376596-20,ACOPLANO,"BOB FQ 4,25 SAE1010 ACAB","4,2500","1.500,0000","0,0000","0,00","5,70","13.640,00","80.274,81"
30-08-2024,0351050,11,377904-10,SASPLASTI,"TIRA ZC BOB 0,50 NBR7008 ZC CR NO REV","0,5000","78,0000","0,0000","0,00","8,96","2.204,00","20.389,64"
30-08-2024,0351020,11,378168-20,MAQENGE,"TIRA FF BOB 0,60 SAE1006 OL","0,6000","213,0000","0,0000","0,00","7,57","3.141,00","24.550,13"
30-08-2024,0351020,11,374151-50,MAQENGE,"TIRA FF BOB 0,60 SAE1006 OL","0,6000","290,0000","0,0000","0,00","7,72","1.569,00","12.506,34"
30-09-2024,0352744,11,378168-10,MAQENGE,"TIRA FF BOB 0,60 SAE1006 OL","0,6000","213,0000","0,0000","0,00","7,57","2.933,00","22.924,40"
30-09-2024,0352744,11,378168-50,MAQENGE,"TIRA FF BOB 0,60 SAE1006 OL","0,6000","354,0000","0,0000","0,00","7,57","2.390,00","18.680,30"
30-09-2024,0352744,11,374151-70,MAQENGE,"TIRA FF BOB 0,60 SAE1006 OL","0,6000","290,0000","0,0000","0,00","7,72","1.253,00","9.987,54"
30-09-2024,0352778,11,374971-30,FLANTECH,"TIRA ZC BOB 1,25 NBR7008 ZC CR MI REV","1,2500","23,5000","0,0000","0,00","9,30","7.813,00","75.022,38"
30-10-2024,0354787,11,381055-70,ALCASTS/A,"CHAPA FQ 4,75 SAE1010","4,7500","1.200,0000","3.000,0000","0,00","5,70","135,00","794,51"
30-10-2024,0354787,11,381055-100,ALCASTS/A,"CHAPA GR LTQ 8,00 CSN GR A36","8,0000","1.500,0000","3.000,0000","0,00","5,70","3.789,00","22.299,21"
30-10-2024,0354787,11,381055-110,ALCASTS/A,"CHAPA GR LTQ 9,50 ASTM A 36","9,5000","1.500,0000","3.000,0000","0,00","5,70","699,00","4.113,79"
30-10-2024,0354790,11,381554-20,HIDROJET,"CHAPA GR LTQ 9,50 SAE1010","9,5000","1.000,0000","2.630,0000","0,00","6,09","5.314,00","33.414,03"
30-10-2024,0354826,11,379304-40,METALSTAMP,"TIRA FF BOB 0,30 G4RL BbOL","0,3000","37,0000","0,0000","0,00","11,45","1.222,00","14.446,64"
31-05-2024,0345589,11,371855-10,ALCAST,"TIRA ZC BOB 1,25 NBR7008 ZC CR MI REV","1,2500","40,0000","0,0000","0,00","7,65","10.265,00","81.079,39"
31-05-2024,0345534,11,363250-30,METALMATRIX,"TIRA ZC BOB 1,11 NBR7008 ZC CR MI RV Z","1,1100","75,0000","0,0000","0,00","7,99","12.013,00","99.103,35"
31-05-2024,0345597,11,373472-10,METMETALCIN,"TIRA FF BOB 0,35 G2L290 BbOL SMODIH","0,3500","248,0000","0,0000","0,00","9,95","913,00","9.379,59"
31-07-2024,0349117,11,376388-10,GPANIZ,"CHAPA FF 1,06 NBR6658 OL","1,0600","1.200,0000","3.000,0000","0,00","6,81","3.314,00","23.301,81"
31-07-2024,0349119,11,373381-20,METALMATRIX,"TIRA ZC BOB 1,11 NBR7008 ZC CR MI RV Z","1,1100","75,0000","0,0000","0,00","7,99","12.315,00","101.594,75"
31-07-2024,0349119,11,373381-40,METALMATRIX,"TIRA FQ DEC BOB 2,25 NBR6658 OL","2,2500","110,0000","0,0000","0,00","7,34","450,00","3.410,35"
31-07-2024,0349127,11,376142-30,GPANIZ,"CHAPA GR LTQ 12,50 SAE1010","12,5000","1.200,0000","3.000,0000","0,00","5,67","1.482,00","8.676,04"
31-07-2024,0349224,11,376928-10,FLANTECH,"CHAPA GR LTQ 6,30 CSN GR A36","6,3000","1.500,0000","3.000,0000","0,00","5,99","1.610,00","9.957,33"
31-07-2024,0349225,11,376387-10,OMPDOBRASI,"CHAPA ZC 1,95 NBR7008 ZC CR MI RV Z100","1,9500","1.200,0000","3.000,0000","0,00","7,45","1.507,00","11.592,03"
31-07-2024,0349225,11,376387-20,OMPDOBRASI,"CHAPA ZC 1,95 NBR7008 ZC CR MI RV Z100","1,9500","1.200,0000","3.000,0000","0,00","7,45","1.628,00","12.522,78"
31-10-2024,0354913,11,381670-10,MOFERKO,"CHAPA GR LTQ 6,30 NBR6656 LNE 38","6,3000","1.200,0000","3.000,0000","0,00","6,90","4.067,00","28.974,32"
31-10-2024,0354850,11,381554-20,HIDROJET,"CHAPA GR LTQ 9,50 SAE1010","9,5000","1.000,0000","2.630,0000","0,00","6,09","4.715,00","29.647,57"
31-10-2024,0354912,11,374971-50,FLANTECH,"TIRA ZC BOB 1,25 NBR7008 ZC CR MI REV","1,2500","23,5000","0,0000","0,00","9,30","3.978,00","38.197,75"
