Year,Month,Family Product,Product Type,Total_Quantity,Iron_Ore_U.S.D_Metric_Ton,mean_USD_in_BRL,Weighted_USD_KG_Price
2014,1,BLANK,BKFF,1195.0,128.1190476,2.3816045454545454,1.557773311728342
2014,1,BOBINA,BOBINA ZC,12805.0,128.1190476,2.3816045454545454,1.587165261006235
2014,1,CHAPA,CFF OL,19595.0,128.1190476,2.3816045454545454,1.1968342175645739
2014,1,CHAPA,CFQ,60579.0,128.1190476,2.3816045454545454,1.1055658626284481
2014,1,CHAPA,CFQ DEC OL,44580.0,128.1190476,2.3816045454545454,1.2055542291906074
2014,1,CHAPA,CG DO LCG,15944.0,128.1190476,2.3816045454545454,1.3863051755496325
2014,1,CHAPA,CG DO LTQ,110843.0,128.1190476,2.3816045454545454,1.0691035216401177
2014,1,CHAPA,CZC,1443.0,128.1190476,2.3816045454545454,1.7005342082209665
2014,1,CORTE TÉRMICO,OXICORTE,990.0,128.1190476,2.3816045454545454,2.297916034453472
2014,1,FITA,TFF OL BOB,58429.0,128.1190476,2.3816045454545454,1.3759411715953436
2014,1,FITA,TFQ DEC BOB,52535.0,128.1190476,2.3816045454545454,1.3461376897097996
2014,1,FITA,TZC BOB,15786.0,128.1190476,2.3816045454545454,1.507272739125137
2014,1,RELAMINADO,TIRA REL,34230.0,128.1190476,2.3816045454545454,2.3177651430567248
2014,1,TIRA CORTADA,TIRA GR LTQ,3791.0,128.1190476,2.3816045454545454,1.2428595694652
2014,2,BLANK,BKFF,37846.0,121.37,2.38309,1.3626910081853396
2014,2,BOBINA,BOBINA ZC,5715.0,121.37,2.38309,1.5316249071583532
2014,2,CHAPA,CFF OL,79588.0,121.37,2.38309,1.2563795060197276
2014,2,CHAPA,CFQ,49888.0,121.37,2.38309,1.1234975458404837
2014,2,CHAPA,CFQ DEC OL,29536.0,121.37,2.38309,1.1329607869062739
2014,2,CHAPA,CG DO LTQ,70190.0,121.37,2.38309,1.0766188368825023
2014,2,CHAPA,CZC,5429.0,121.37,2.38309,1.5682037815095764
2014,2,CORTE TÉRMICO,OXICORTE,1560.0,121.37,2.38309,2.1904334288675624
2014,2,FITA,TFF OL BOB,65951.0,121.37,2.38309,1.3932133661529367
2014,2,FITA,TFQ DEC BOB,16804.0,121.37,2.38309,1.4219679893695651
2014,2,FITA,TZC BOB,19828.0,121.37,2.38309,1.5216574790744557
2014,2,RELAMINADO,TIRA REL,21368.0,121.37,2.38309,2.316320407538112
2014,3,BLANK,BKFF,14780.0,111.8333333,2.325494736842105,1.4792551217171672
2014,3,BOBINA,BOBINA ZC,3027.0,111.8333333,2.325494736842105,1.5050560831424666
2014,3,CHAPA,CFF OL,25315.0,111.8333333,2.325494736842105,1.3070608403122386
2014,3,CHAPA,CFQ,18372.0,111.8333333,2.325494736842105,1.1761074004812082
2014,3,CHAPA,CFQ DEC OL,37939.0,111.8333333,2.325494736842105,1.254424260348989
2014,3,CHAPA,CG DO LTQ,59614.0,111.8333333,2.325494736842105,1.1701811948100123
2014,3,CHAPA,CZC,31067.0,111.8333333,2.325494736842105,1.6042040722987554
2014,3,CORTE TÉRMICO,OXICORTE,715.0,111.8333333,2.325494736842105,2.4058344042320288
2014,3,FITA,TFF OL BOB,66084.0,111.8333333,2.325494736842105,1.4469964367561454
2014,3,FITA,TFQ DEC BOB,4488.0,111.8333333,2.325494736842105,1.352937914739139
2014,3,FITA,TZC BOB,8197.0,111.8333333,2.325494736842105,1.5881545682112257
2014,3,RELAMINADO,TIRA REL,4008.0,111.8333333,2.325494736842105,2.4228237900494713
2014,4,BLANK,BKFF,19639.0,114.5809524,2.231725,1.5489118290985213
2014,4,BOBINA,BOBINA GALVALUME,7460.0,114.5809524,2.231725,1.7923355252103195
2014,4,BOBINA,BOBINA ZC,3824.0,114.5809524,2.231725,1.5682935845590296
2014,4,CHAPA,CFF OL,12841.0,114.5809524,2.231725,1.3585633893385813
2014,4,CHAPA,CFQ,9689.0,114.5809524,2.231725,1.2783529293011446
2014,4,CHAPA,CFQ DEC OL,27628.0,114.5809524,2.231725,1.3283495965362917
2014,4,CHAPA,CG DO LTQ,65507.0,114.5809524,2.231725,1.2081863941486857
2014,4,CHAPA,CZC,37192.0,114.5809524,2.231725,1.6521259439263696
2014,4,CORTE TÉRMICO,OXICORTE,1998.0,114.5809524,2.231725,2.544286660833279
2014,4,FITA,FAE,479.0,114.5809524,2.231725,2.016377465861609
2014,4,FITA,TFF OL BOB,47872.0,114.5809524,2.231725,1.499957516646047
2014,4,FITA,TFQ DEC BOB,9774.0,114.5809524,2.231725,1.5186119289249382
2014,4,FITA,TZC BOB,7907.0,114.5809524,2.231725,1.662037583416645
2014,4,PERFIL,PERFIL FQ,2075.0,114.5809524,2.231725,1.3980217096640493
2014,5,BLANK,BKFF,12176.0,100.56,2.2202809523809526,1.5498824316959137
2014,5,BOBINA,BOBINA FF,11428.0,100.56,2.2202809523809526,1.3061410074658075
2014,5,BOBINA,BOBINA GALVALUME,6455.0,100.56,2.2202809523809526,1.8015738034011137
2014,5,CHAPA,CFF OL,16005.0,100.56,2.2202809523809526,1.3790037210434742
2014,5,CHAPA,CFQ,16299.0,100.56,2.2202809523809526,1.2918424868689629
2014,5,CHAPA,CFQ DEC OL,15201.0,100.56,2.2202809523809526,1.3087720803186136
2014,5,CHAPA,CG DO LTQ,62230.0,100.56,2.2202809523809526,1.174119345762753
2014,5,CHAPA,CZC,19406.0,100.56,2.2202809523809526,1.7145768014926215
2014,5,CORTE TÉRMICO,OXICORTE,4570.0,100.56,2.2202809523809526,2.56185174604757
2014,5,FITA,TFF OL BOB,44814.0,100.56,2.2202809523809526,1.5701887157805323
2014,5,FITA,TFQ DEC BOB,7906.0,100.56,2.2202809523809526,1.4868054080073567
2014,5,FITA,TZC BOB,3828.0,100.56,2.2202809523809526,1.7324758238255258
2014,5,RELAMINADO,TIRA REL,5243.0,100.56,2.2202809523809526,2.563601209159663
2014,6,BLANK,BKFF,24734.0,92.85238095,2.2348600000000003,1.5552149652829266
2014,6,BOBINA,BOBINA FQ,12755.0,92.85238095,2.2348600000000003,1.266298560088775
2014,6,CHAPA,CFF OL,16767.0,92.85238095,2.2348600000000003,1.3394483116118205
2014,6,CHAPA,CFQ,25048.0,92.85238095,2.2348600000000003,1.1916997478012614
2014,6,CHAPA,CFQ DEC OL,12607.0,92.85238095,2.2348600000000003,1.3189049952873586
2014,6,CHAPA,CG DO LTQ,118346.0,92.85238095,2.2348600000000003,1.186684550419322
2014,6,CHAPA,CZC,21449.0,92.85238095,2.2348600000000003,1.6108351940516052
2014,6,FITA,TFF OL BOB,45588.0,92.85238095,2.2348600000000003,1.5563435006764335
2014,6,FITA,TFQ DEC BOB,17663.0,92.85238095,2.2348600000000003,1.4313967299648942
2014,6,FITA,TZC BOB,7758.0,92.85238095,2.2348600000000003,1.6771799749303664
2014,6,PERFIL,PERFIL FQ,1020.0,92.85238095,2.2348600000000003,1.4094842629963396
2014,6,RELAMINADO,TIRA REL,13873.0,92.85238095,2.2348600000000003,2.46995337515549
2014,7,BLANK,BKFF,5283.0,96.26086957,2.224021739130435,1.574759710312726
2014,7,BOBINA,BOBINA ZC,3640.0,96.26086957,2.224021739130435,2.3830702311714966
2014,7,CHAPA,CFF OL,6728.0,96.26086957,2.224021739130435,1.3762774585634652
2014,7,CHAPA,CFQ,25784.0,96.26086957,2.224021739130435,1.2221971654511505
2014,7,CHAPA,CFQ DEC OL,620.0,96.26086957,2.224021739130435,1.3264258833879086
2014,7,CHAPA,CG DO LTQ,102427.0,96.26086957,2.224021739130435,1.205902024279991
2014,7,CHAPA,CZC,28369.0,96.26086957,2.224021739130435,1.624278399046364
2014,7,FITA,TFF OL BOB,52306.0,96.26086957,2.224021739130435,1.6305943438305237
2014,7,FITA,TFQ DEC BOB,7876.0,96.26086957,2.224021739130435,1.4112675406784732
2014,7,FITA,TZC BOB,3850.0,96.26086957,2.224021739130435,1.6978087803404256
2014,7,RELAMINADO,TIRA REL,29904.0,96.26086957,2.224021739130435,2.489236717262602
2014,8,BLANK,BKFF,11570.0,94.14285714,2.2674238095238093,1.5171402829727048
2014,8,BOBINA,BOBINA FQ,12870.0,94.14285714,2.2674238095238093,1.1907787104727625
2014,8,BOBINA,BOBINA ZC,9000.0,94.14285714,2.2674238095238093,1.925827297184344
2014,8,CHAPA,CFF OL,12953.0,94.14285714,2.2674238095238093,1.3191065151053982
2014,8,CHAPA,CFQ,27912.0,94.14285714,2.2674238095238093,1.2135824394243535
2014,8,CHAPA,CFQ DEC OL,992.0,94.14285714,2.2674238095238093,1.367190371283542
2014,8,CHAPA,CG DO LCG,1584.0,94.14285714,2.2674238095238093,1.3088458897133102
2014,8,CHAPA,CG DO LTQ,134314.0,94.14285714,2.2674238095238093,1.196268803329036
2014,8,CHAPA,CZC,13998.0,94.14285714,2.2674238095238093,1.516668944487612
2014,8,FITA,TFF OL BOB,69093.0,94.14285714,2.2674238095238093,1.5742081518111728
2014,8,FITA,TFQ DEC BOB,20776.0,94.14285714,2.2674238095238093,1.3834513046218015
2014,8,FITA,TZC BOB,730.0,94.14285714,2.2674238095238093,1.737654858986179
2014,8,RELAMINADO,TIRA REL,25420.0,94.14285714,2.2674238095238093,2.4416714987346895
2014,9,BLANK,BKFF,11820.0,84.52272727,2.332254545454546,1.4749676473798274
2014,9,BOBINA,BOBINA FQ,13050.0,84.52272727,2.332254545454546,1.1576780953271901
2014,9,CHAPA,CFF OL,5606.0,84.52272727,2.332254545454546,1.2810851332105704
2014,9,CHAPA,CFQ,28977.0,84.52272727,2.332254545454546,1.1652262880827255
2014,9,CHAPA,CFQ DEC OL,10603.0,84.52272727,2.332254545454546,1.1233765221323104
2014,9,CHAPA,CG DO LTQ,119062.0,84.52272727,2.332254545454546,1.1472088150889779
2014,9,CHAPA,CZC,6331.0,84.52272727,2.332254545454546,1.4958311417693682
2014,9,FITA,TFF OL BOB,53951.0,84.52272727,2.332254545454546,1.5021979504022644
2014,9,FITA,TFQ DEC BOB,22262.0,84.52272727,2.332254545454546,1.3431651774774576
2014,9,FITA,TZC BOB,7024.0,84.52272727,2.332254545454546,1.6677381912714389
2014,9,RELAMINADO,TIRA REL,36693.0,84.52272727,2.332254545454546,2.304777698782
2014,10,BLANK,BKFF,21430.0,81.30434783,2.4476434782608694,1.411651580810572
2014,10,CHAPA,CFF OL,24076.0,81.30434783,2.4476434782608694,1.2421935404796143
2014,10,CHAPA,CFQ,15572.0,81.30434783,2.4476434782608694,1.092607454959478
2014,10,CHAPA,CFQ DEC OL,2972.0,81.30434783,2.4476434782608694,1.2218745707547654
2014,10,CHAPA,CG DO LCG,6130.0,81.30434783,2.4476434782608694,1.103101829976659
2014,10,CHAPA,CG DO LTQ,106930.0,81.30434783,2.4476434782608694,1.0760960833771371
2014,10,CHAPA,CZC,16531.0,81.30434783,2.4476434782608694,1.4273270742897632
2014,10,FITA,TFF OL BOB,65410.0,81.30434783,2.4476434782608694,1.3755383817975928
2014,10,FITA,TFQ DEC BOB,5492.0,81.30434783,2.4476434782608694,1.272993378304698
2014,10,FITA,TZC BOB,8395.0,81.30434783,2.4476434782608694,1.5146121268347377
2014,10,RELAMINADO,TIRA REL,41111.0,81.30434783,2.4476434782608694,2.213697021123114
2014,10,TELHA,CUMEEIRA,80.0,81.30434783,2.4476434782608694,2.700556702276192
2014,10,TELHA,TELHA,3925.0,81.30434783,2.4476434782608694,1.6955083682974577
2014,11,BLANK,BKFF,15332.0,74.425,2.5482299999999998,1.349956636567343
2014,11,CHAPA,CFF OL,17865.0,74.425,2.5482299999999998,1.1783300688502247
2014,11,CHAPA,CFQ,4856.0,74.425,2.5482299999999998,1.004170378662746
2014,11,CHAPA,CG DO LTQ,123830.0,74.425,2.5482299999999998,0.9765484591062489
2014,11,CHAPA,CZC,12216.0,74.425,2.5482299999999998,1.2977213987234373
2014,11,CORTE TÉRMICO,OXICORTE,3225.0,74.425,2.5482299999999998,1.2206253393638455
2014,11,FITA,TFF OL BOB,65790.0,74.425,2.5482299999999998,1.3001027914719276
2014,11,FITA,TFQ DEC BOB,24099.0,74.425,2.5482299999999998,1.202355752474696
2014,11,FITA,TZC BOB,10441.0,74.425,2.5482299999999998,1.4963762349318956
2014,11,PERFIL,PERFIL FQ,1860.0,74.425,2.5482299999999998,1.203660698239668
2014,11,RELAMINADO,TIRA REL,25083.0,74.425,2.5482299999999998,2.1545093592506888
2014,11,TELHA,CUMEEIRA,96.0,74.425,2.5482299999999998,2.4840771829858377
2014,12,BLANK,BKFF,10509.0,68.67391304,2.6387363636363634,1.3036542973392913
2014,12,CHAPA,CFF OL,5206.0,68.67391304,2.6387363636363634,1.1510008737575794
2014,12,CHAPA,CFQ,7733.0,68.67391304,2.6387363636363634,0.9647073752718056
2014,12,CHAPA,CFQ DEC OL,4039.0,68.67391304,2.6387363636363634,1.061113962950586
2014,12,CHAPA,CG DO LTQ,39285.0,68.67391304,2.6387363636363634,0.9328775523953982
2014,12,CHAPA,CZC,16471.0,68.67391304,2.6387363636363634,1.2589549740368149
2014,12,FITA,TFF OL BOB,35489.0,68.67391304,2.6387363636363634,1.3512512532737335
2014,12,FITA,TFQ DEC BOB,13716.0,68.67391304,2.6387363636363634,1.2020813592461834
2014,12,FITA,TZC BOB,4941.0,68.67391304,2.6387363636363634,1.438534684610955
2014,12,RELAMINADO,TIRA REL,21090.0,68.67391304,2.6387363636363634,2.0919103841025835
2015,1,BLANK,BKFF,22781.0,69.06818182,2.6336190476190473,1.3061873937728277
2015,1,CHAPA,CFF OL,11960.0,69.06818182,2.6336190476190473,1.0755625708811072
2015,1,CHAPA,CFQ,21243.0,69.06818182,2.6336190476190473,0.9660113239971793
2015,1,CHAPA,CFQ DEC OL,5993.0,69.06818182,2.6336190476190473,1.1391169131739776
2015,1,CHAPA,CG DO LCG,2391.0,69.06818182,2.6336190476190473,1.1087404621560049
2015,1,CHAPA,CG DO LTQ,209171.0,69.06818182,2.6336190476190473,0.928895127185591
2015,1,CHAPA,CZC,21072.0,69.06818182,2.6336190476190473,1.3058457451921872
2015,1,FITA,FAE,511.0,69.06818182,2.6336190476190473,1.7086753697609665
2015,1,FITA,TFF OL BOB,59163.0,69.06818182,2.6336190476190473,1.2956482085399428
2015,1,FITA,TFQ DEC BOB,18161.0,69.06818182,2.6336190476190473,1.224113605159816
2015,1,FITA,TZC BOB,4219.0,69.06818182,2.6336190476190473,1.4097312042023658
2015,1,RELAMINADO,TIRA REL,40156.0,69.06818182,2.6336190476190473,2.0886580613551673
2015,2,BLANK,BKFF,12254.0,63.8,2.815838888888889,1.2370914812234761
2015,2,BOBINA,BOBINA ZC,2891.0,63.8,2.815838888888889,1.2074554454859514
2015,2,CHAPA,CFF OL,27031.0,63.8,2.815838888888889,1.0733239613762176
2015,2,CHAPA,CFQ,38864.0,63.8,2.815838888888889,0.8962456507391059
2015,2,CHAPA,CFQ DEC OL,1502.0,63.8,2.815838888888889,1.100915259119544
2015,2,CHAPA,CG DO LTQ,87882.0,63.8,2.815838888888889,0.8913705871393022
2015,2,CHAPA,CZC,20039.0,63.8,2.815838888888889,1.199762264704865
2015,2,FITA,TFF OL BOB,42381.0,63.8,2.815838888888889,1.183851158535536
2015,2,FITA,TFQ DEC BOB,7935.0,63.8,2.815838888888889,1.1468494976724943
2015,2,FITA,TZC BOB,7052.0,63.8,2.815838888888889,1.341264702336168
2015,2,RELAMINADO,TIRA REL,22179.0,63.8,2.815838888888889,2.059776936417211
2015,3,BLANK,BKFF,10119.0,58.18181818,3.1388636363636366,1.095938020418507
2015,3,BOBINA,BOBINA GALVALUME,22060.0,58.18181818,3.1388636363636366,1.0768228223879515
2015,3,BOBINA,BOBINA ZC,3032.0,58.18181818,3.1388636363636366,1.0194772282962854
2015,3,CHAPA,CFF OL,12262.0,58.18181818,3.1388636363636366,0.9302246450057343
2015,3,CHAPA,CFQ,62022.0,58.18181818,3.1388636363636366,0.8108859403725704
2015,3,CHAPA,CFQ DEC OL,1485.0,58.18181818,3.1388636363636366,0.9876185649120266
2015,3,CHAPA,CG DO LTQ,214327.0,58.18181818,3.1388636363636366,0.8104465990135435
2015,3,CHAPA,CZC,20272.0,58.18181818,3.1388636363636366,1.1251563059243181
2015,3,FITA,TFF OL BOB,51995.0,58.18181818,3.1388636363636366,1.0787673068239538
2015,3,FITA,TFQ DEC BOB,12374.0,58.18181818,3.1388636363636366,1.0643329596157374
2015,3,FITA,TZC BOB,6353.0,58.18181818,3.1388636363636366,1.2144123308522852
2015,3,RELAMINADO,TIRA REL,43118.0,58.18181818,3.1388636363636366,1.807210720647314
2015,4,BLANK,BKFF,10959.0,52.11363636,3.042595,1.1306138345721333
2015,4,CHAPA,CFF OL,10138.0,52.11363636,3.042595,0.94155358372708
2015,4,CHAPA,CFQ,57965.0,52.11363636,3.042595,0.8513246675957085
2015,4,CHAPA,CFQ DEC OL,1467.0,52.11363636,3.042595,0.9202670746517364
2015,4,CHAPA,CG DO LTQ,83172.0,52.11363636,3.042595,0.8415389411901207
2015,4,CHAPA,CZC,14361.0,52.11363636,3.042595,1.212764746279607
2015,4,FITA,TFF OL BOB,46344.0,52.11363636,3.042595,1.0980518920909967
2015,4,FITA,TFQ DEC BOB,7993.0,52.11363636,3.042595,1.092424667134909
2015,4,FITA,TZC BOB,17944.0,52.11363636,3.042595,1.1782172220754696
2015,4,RELAMINADO,TIRA REL,9861.0,52.11363636,3.042595,1.8504381492322242
2015,5,BLANK,BKFF,11921.0,60.42857143,3.0610749999999998,1.1237882116576694
2015,5,CHAPA,CFF OL,39847.0,60.42857143,3.0610749999999998,0.9276210661386904
2015,5,CHAPA,CFQ,27828.0,60.42857143,3.0610749999999998,0.8611652268712476
2015,5,CHAPA,CG DO LCG,960.0,60.42857143,3.0610749999999998,0.9310454660535924
2015,5,CHAPA,CG DO LTQ,87513.0,60.42857143,3.0610749999999998,0.8253495111999545
2015,5,CHAPA,CZC,23064.0,60.42857143,3.0610749999999998,1.1279662194760638
2015,5,FITA,TFF OL BOB,49870.0,60.42857143,3.0610749999999998,1.1113938586559629
2015,5,FITA,TFQ DEC BOB,16068.0,60.42857143,3.0610749999999998,1.1016523534930158
2015,5,FITA,TZC BOB,11101.0,60.42857143,3.0610749999999998,1.2797283253069214
2015,5,RELAMINADO,TIRA REL,10777.0,60.42857143,3.0610749999999998,1.8326828274889382
2015,6,BLANK,BKFF,9033.0,61.84090909,3.11112380952381,1.1057097726131728
2015,6,BOBINA,BOBINA FQ DECOL,10790.0,61.84090909,3.11112380952381,0.8517822376235198
2015,6,BOBINA,BOBINA GALVALUME,7025.0,61.84090909,3.11112380952381,1.0864241370443384
2015,6,CHAPA,CFF OL,7679.0,61.84090909,3.11112380952381,0.9181522158280253
2015,6,CHAPA,CFQ,45936.0,61.84090909,3.11112380952381,0.8461515927821879
2015,6,CHAPA,CG DO LCG,957.0,61.84090909,3.11112380952381,0.9160676895196346
2015,6,CHAPA,CG DO LTQ,85311.0,61.84090909,3.11112380952381,0.8167192336306828
2015,6,CHAPA,CZC,42333.0,61.84090909,3.11112380952381,1.0154430242099404
2015,6,FITA,TFF OL BOB,28076.0,61.84090909,3.11112380952381,1.0913133208822705
2015,6,FITA,TFQ DEC BOB,8961.0,61.84090909,3.11112380952381,0.9665336703455472
2015,6,FITA,TIRA GALV BOB,20374.0,61.84090909,3.11112380952381,1.1571381341300648
2015,6,FITA,TZC BOB,14910.0,61.84090909,3.11112380952381,1.28549044151645
2015,6,RELAMINADO,TIRA REL,31490.0,61.84090909,3.11112380952381,1.7960255935676448
2015,7,BLANK,BKFF,13557.0,52.17391304,3.222508695652174,1.067491300998277
2015,7,BOBINA,BOBINA ZC,4135.0,52.17391304,3.222508695652174,1.0550786114517854
2015,7,CHAPA,CFF OL,14151.0,52.17391304,3.222508695652174,0.8754198200553841
2015,7,CHAPA,CFQ,43338.0,52.17391304,3.222508695652174,0.7649488202329717
2015,7,CHAPA,CFQ DEC OL,1476.0,52.17391304,3.222508695652174,0.8378565443881826
2015,7,CHAPA,CG DO LTQ,97599.0,52.17391304,3.222508695652174,0.7783650996872217
2015,7,CHAPA,CZC,28561.0,52.17391304,3.222508695652174,0.9350694685263681
2015,7,FITA,TFF OL BOB,33736.0,52.17391304,3.222508695652174,1.0053729388149413
2015,7,FITA,TFQ DEC BOB,9874.0,52.17391304,3.222508695652174,1.0537275340677372
2015,7,FITA,TZC BOB,20663.0,52.17391304,3.222508695652174,1.0652241814924714
2015,7,RELAMINADO,TIRA REL,25664.0,52.17391304,3.222508695652174,1.7377765365088231
2015,8,BLANK,BKFF,35112.0,57.33333333,3.513695238095238,0.97902628625948
2015,8,CHAPA,CFQ,29887.0,57.33333333,3.513695238095238,0.7211636288808291
2015,8,CHAPA,CG DO LTQ,37394.0,57.33333333,3.513695238095238,0.6958216064034801
2015,8,CHAPA,CZC,41339.0,57.33333333,3.513695238095238,0.8620021886014331
2015,8,FITA,TFF OL BOB,26819.0,57.33333333,3.513695238095238,0.9970353247726078
2015,8,FITA,TFQ DEC BOB,7849.0,57.33333333,3.513695238095238,0.8524582174733856
2015,8,FITA,TIRA GALV BOB,7305.0,57.33333333,3.513695238095238,1.0245623925971301
2015,8,FITA,TZC BOB,17844.0,57.33333333,3.513695238095238,0.9557258429211474
2015,8,RELAMINADO,TIRA REL,20351.0,57.33333333,3.513695238095238,1.5937637218177583
2015,9,BLANK,BKFF,44614.0,56.97727273,3.9058095238095243,0.8807393138426275
2015,9,CHAPA,CFF OL,4538.0,56.97727273,3.9058095238095243,0.7251067093233506
2015,9,CHAPA,CFQ,1755.0,56.97727273,3.9058095238095243,0.6474291762872875
2015,9,CHAPA,CG DO LTQ,38584.0,56.97727273,3.9058095238095243,0.6195898661334763
2015,9,CHAPA,CZC,12801.0,56.97727273,3.9058095238095243,0.7711071155568091
2015,9,FITA,TFF OL BOB,26380.0,56.97727273,3.9058095238095243,0.8679509726388799
2015,9,FITA,TFQ DEC BOB,14884.0,56.97727273,3.9058095238095243,0.8337493121237107
2015,9,FITA,TIRA GALV BOB,6754.0,56.97727273,3.9058095238095243,0.9217039330911218
2015,9,FITA,TZC BOB,4407.0,56.97727273,3.9058095238095243,0.9285830750318045
2015,9,RELAMINADO,TIRA REL,28212.0,56.97727273,3.9058095238095243,1.4263046014327303
2015,10,BLANK,BKFF,17831.0,53.65909091,3.879504761904762,0.8867111167846657
2015,10,CHAPA,CFF OL,44891.0,53.65909091,3.879504761904762,0.67452913983839
2015,10,CHAPA,CFQ,57573.0,53.65909091,3.879504761904762,0.6031310884396761
2015,10,CHAPA,CFQ DEC OL,33418.0,53.65909091,3.879504761904762,0.5784328911823611
2015,10,CHAPA,CG DO LTQ,85353.0,53.65909091,3.879504761904762,0.6061745969070407
2015,10,CHAPA,CZC,22040.0,53.65909091,3.879504761904762,0.7812718396183702
2015,10,FITA,TFF OL BOB,42210.0,53.65909091,3.879504761904762,0.8749800371161857
2015,10,FITA,TFQ DEC BOB,15239.0,53.65909091,3.879504761904762,0.7814449820012617
2015,10,FITA,TIRA GALV BOB,24638.0,53.65909091,3.879504761904762,0.9728776889204459
2015,10,FITA,TZC BOB,8626.0,53.65909091,3.879504761904762,0.9297165509652601
2015,10,RELAMINADO,TIRA REL,27782.0,53.65909091,3.879504761904762,1.443483213370386
2015,11,BLANK,BKFF,20492.0,47.19047619,3.7758000000000003,0.9110652047248264
2015,11,BOBINA,BOBINA ZC,3520.0,47.19047619,3.7758000000000003,0.8077758355845118
2015,11,CHAPA,CFF OL,6779.0,47.19047619,3.7758000000000003,0.7077314859428732
2015,11,CHAPA,CFQ,24253.0,47.19047619,3.7758000000000003,0.6633556829885877
2015,11,CHAPA,CFQ DEC OL,14499.0,47.19047619,3.7758000000000003,0.5988566234484003
2015,11,CHAPA,CG DO LTQ,38448.0,47.19047619,3.7758000000000003,0.6503909642097933
2015,11,CHAPA,CZC,42487.0,47.19047619,3.7758000000000003,0.8108762128057383
2015,11,FITA,TFF OL BOB,30664.0,47.19047619,3.7758000000000003,0.9095990763648715
2015,11,FITA,TFQ DEC BOB,5887.0,47.19047619,3.7758000000000003,0.8331207423946405
2015,11,FITA,TIRA GALV BOB,8839.0,47.19047619,3.7758000000000003,1.0196514645902854
2015,11,FITA,TZC BOB,27880.0,47.19047619,3.7758000000000003,0.9391004428033457
2015,11,RELAMINADO,TIRA REL,26254.0,47.19047619,3.7758000000000003,1.4831294030404154
2015,12,BLANK,BKFF,29225.0,40.8826087,3.870495454545454,0.8884168851786748
2015,12,BOBINA,BOBINA ZC,3873.0,40.8826087,3.870495454545454,0.788012810199305
2015,12,CHAPA,CFF OL,3054.0,40.8826087,3.870495454545454,0.7415071361547558
2015,12,CHAPA,CFQ,51867.0,40.8826087,3.870495454545454,0.6266572404732633
2015,12,CHAPA,CFQ DEC OL,3697.0,40.8826087,3.870495454545454,0.5942391683470168
2015,12,CHAPA,CG DO LTQ,31578.0,40.8826087,3.870495454545454,0.6459145122294013
2015,12,CHAPA,CZC,1581.0,40.8826087,3.870495454545454,0.7880128101993049
2015,12,FITA,TFF OL BOB,12820.0,40.8826087,3.870495454545454,0.9017215613234839
2015,12,FITA,TFQ DEC BOB,6109.0,40.8826087,3.870495454545454,0.8711264455361382
2015,12,RELAMINADO,TIRA REL,21573.0,40.8826087,3.870495454545454,1.5479411821258546
2016,1,BLANK,BKFF,21790.0,42.2047619,4.051715,0.8588955541048668
2016,1,BOBINA,BOBINA ZC,36215.0,42.2047619,4.051715,0.7083420230692435
2016,1,CHAPA,CFF OL,4183.0,42.2047619,4.051715,0.7237901583771632
2016,1,CHAPA,CFQ,15838.0,42.2047619,4.051715,0.6342968095520929
2016,1,CHAPA,CFQ DEC OL,7203.0,42.2047619,4.051715,0.5553204013609052
2016,1,CHAPA,CG DO LTQ,17029.0,42.2047619,4.051715,0.6506190796121067
2016,1,CHAPA,CZC,16909.0,42.2047619,4.051715,0.7400668188308669
2016,1,FITA,TFF OL BOB,36537.0,42.2047619,4.051715,0.8247273222333004
2016,1,FITA,TFQ DEC BOB,2742.0,42.2047619,4.051715,0.7147039723306405
2016,1,FITA,TZC BOB,15483.0,42.2047619,4.051715,0.9481789693149084
2016,1,RELAMINADO,TIRA REL,21083.0,42.2047619,4.051715,1.522811945065238
2016,2,BLANK,BKFF,11503.0,46.48571429,3.973115789473684,0.8758868818321032
2016,2,CHAPA,CFF OL,11103.0,46.48571429,3.973115789473684,0.6713270745877986
2016,2,CHAPA,CFQ,5740.0,46.48571429,3.973115789473684,0.6281876747590597
2016,2,CHAPA,CFQ DEC OL,4265.0,46.48571429,3.973115789473684,0.6443305797385588
2016,2,CHAPA,CG DO LTQ,7484.0,46.48571429,3.973115789473684,0.6804216263125118
2016,2,FITA,TFF OL BOB,30548.0,46.48571429,3.973115789473684,0.9256576086433472
2016,2,FITA,TFQ DEC BOB,767.0,46.48571429,3.973115789473684,0.7324226511871897
2016,2,FITA,TIRA GALV BOB,15810.0,46.48571429,3.973115789473684,0.9614620369536304
2016,2,FITA,TZC BOB,15671.0,46.48571429,3.973115789473684,0.9793695489007358
2016,2,RELAMINADO,TIRA REL,25712.0,46.48571429,3.973115789473684,1.5510185579454479
2016,3,BLANK,BKFF,24194.0,56.53913043,3.7033090909090913,0.9397001207765044
2016,3,CHAPA,CFF OL,1503.0,56.53913043,3.7033090909090913,0.7857837216838012
2016,3,CHAPA,CFQ,24191.0,56.53913043,3.7033090909090913,0.6751762939574077
2016,3,CHAPA,CFQ DEC OL,5736.0,56.53913043,3.7033090909090913,0.7176861942352586
2016,3,CHAPA,CG DO LTQ,35752.0,56.53913043,3.7033090909090913,0.6716792702357649
2016,3,CHAPA,CZC,4541.0,56.53913043,3.7033090909090913,0.7965848724973243
2016,3,FITA,TFF OL BOB,32744.0,56.53913043,3.7033090909090913,1.0025317021981057
2016,3,FITA,TFQ DEC BOB,18968.0,56.53913043,3.7033090909090913,0.8120027636219311
2016,3,FITA,TZC BOB,15724.0,56.53913043,3.7033090909090913,0.8710521236121357
2016,3,RELAMINADO,TIRA REL,27516.0,56.53913043,3.7033090909090913,1.6015847388264992
2016,4,BLANK,BKFF,40383.0,60.96666667,3.56524,0.9648719300804435
2016,4,BOBINA,BOBINA ZC,4185.0,60.96666667,3.56524,0.9480427685092728
2016,4,CHAPA,CFF OL,4261.0,60.96666667,3.56524,0.7982569111974078
2016,4,CHAPA,CFQ,128393.0,60.96666667,3.56524,0.675581985531191
2016,4,CHAPA,CFQ DEC OL,9914.0,60.96666667,3.56524,0.6274170248153145
2016,4,CHAPA,CG DO LTQ,34617.0,60.96666667,3.56524,0.70470515850988
2016,4,CHAPA,CZC,9010.0,60.96666667,3.56524,0.8965068077289522
2016,4,FITA,TFF OL BOB,17685.0,60.96666667,3.56524,1.046439201428671
2016,4,FITA,TFQ DEC BOB,3968.0,60.96666667,3.56524,0.8077997554161851
2016,4,FITA,TIRA GALV BOB,2725.0,60.96666667,3.56524,1.07145662003119
2016,4,FITA,TZC BOB,4377.0,60.96666667,3.56524,0.8975552837957613
2016,4,RELAMINADO,TIRA REL,17794.0,60.96666667,3.56524,1.6311115198606543
2016,5,BLANK,BKFF,3216.0,55.88636364,3.538685714285714,0.9721123258029615
2016,5,BOBINA,BOBINA ZC,8392.0,55.88636364,3.538685714285714,0.9551568782598866
2016,5,CHAPA,CFF OL,13534.0,55.88636364,3.538685714285714,0.7853349292034211
2016,5,CHAPA,CFQ,25549.0,55.88636364,3.538685714285714,0.7156730996590314
2016,5,CHAPA,CFQ DEC OL,9071.0,55.88636364,3.538685714285714,0.7481979864710214
2016,5,CHAPA,CG DO LTQ,93381.0,55.88636364,3.538685714285714,0.6774687324427068
2016,5,CHAPA,CZC,31530.0,55.88636364,3.538685714285714,0.9696910792897139
2016,5,FITA,FAE,477.0,55.88636364,3.538685714285714,1.3366544479790723
2016,5,FITA,TFF OL BOB,33659.0,55.88636364,3.538685714285714,0.9854927173071405
2016,5,FITA,TFQ DEC BOB,5108.0,55.88636364,3.538685714285714,0.9579827861837323
2016,5,FITA,TZC BOB,9855.0,55.88636364,3.538685714285714,0.8910840399086282
2016,5,RELAMINADO,TIRA REL,23157.0,55.88636364,3.538685714285714,1.6390265958305752
2016,6,BLANK,BKFF,41542.0,52.34090909,3.423877272727273,1.073534444307567
2016,6,BOBINA,BOBINA ZC,15156.0,52.34090909,3.423877272727273,1.1010908685395213
2016,6,CHAPA,CFF OL,16493.0,52.34090909,3.423877272727273,0.8456554516365667
2016,6,CHAPA,CFQ,96522.0,52.34090909,3.423877272727273,0.7837640882872523
2016,6,CHAPA,CFQ DEC OL,6363.0,52.34090909,3.423877272727273,0.8620599006564943
2016,6,CHAPA,CG DO LCG,9985.0,52.34090909,3.423877272727273,1.0312640030057418
2016,6,CHAPA,CG DO LTQ,34253.0,52.34090909,3.423877272727273,0.7771697759115804
2016,6,CHAPA,CZC,1750.0,52.34090909,3.423877272727273,1.124456192009856
2016,6,FITA,TFF OL BOB,16972.0,52.34090909,3.423877272727273,1.1517382221307386
2016,6,FITA,TFQ DEC BOB,12477.0,52.34090909,3.423877272727273,0.928571700253212
2016,6,FITA,TIRA GALV BOB,3446.0,52.34090909,3.423877272727273,1.1156941957084803
2016,6,FITA,TZC BOB,2560.0,52.34090909,3.423877272727273,1.0660428833340192
2016,6,RELAMINADO,TIRA REL,25310.0,52.34090909,3.423877272727273,1.7786852491792269
2016,7,BLANK,BKFF,5256.0,57.30952381,3.2747105263157894,1.1695690257877356
2016,7,BOBINA,BOBINA ZC,4779.0,57.30952381,3.2747105263157894,1.7711489163365184
2016,7,CHAPA,CFF OL,15628.0,57.30952381,3.2747105263157894,0.9266431563644429
2016,7,CHAPA,CFQ,68625.0,57.30952381,3.2747105263157894,0.831628161249619
2016,7,CHAPA,CFQ DEC OL,6310.0,57.30952381,3.2747105263157894,0.9004427592111051
2016,7,CHAPA,CG DO LTQ,18717.0,57.30952381,3.2747105263157894,0.8220835956995921
2016,7,CHAPA,CZC,2177.0,57.30952381,3.2747105263157894,1.1785519963896545
2016,7,FITA,TFF OL BOB,28744.0,57.30952381,3.2747105263157894,1.2192071370052187
2016,7,FITA,TFQ DEC BOB,1167.0,57.30952381,3.2747105263157894,1.026044889463914
2016,7,FITA,TZC BOB,11343.0,57.30952381,3.2747105263157894,1.1439324950007124
2016,7,RELAMINADO,TIRA REL,23715.0,57.30952381,3.2747105263157894,1.8597063621533443
2016,7,TIRA CORTADA,TFQ,516.0,57.30952381,3.2747105263157894,1.0077226592949156
2016,8,BLANK,BKFF,39257.0,60.86956522,3.2090565217391305,1.1934972083085507
2016,8,BOBINA,BOBINA ZC,13254.0,60.86956522,3.2090565217391305,1.581359431601133
2016,8,CHAPA,CFF OL,17082.0,60.86956522,3.2090565217391305,1.0292437285659397
2016,8,CHAPA,CFQ,24651.0,60.86956522,3.2090565217391305,0.9014703340996908
2016,8,CHAPA,CG DO LTQ,32927.0,60.86956522,3.2090565217391305,0.8594423911485929
2016,8,CHAPA,CZC,1896.0,60.86956522,3.2090565217391305,1.2609191306174836
2016,8,FITA,TFF OL BOB,35337.0,60.86956522,3.2090565217391305,1.2574387459494292
2016,8,FITA,TFQ DEC BOB,8205.0,60.86956522,3.2090565217391305,1.112389158289259
2016,8,FITA,TZC BOB,12271.0,60.86956522,3.2090565217391305,1.2262578641193604
2016,8,RELAMINADO,TIRA REL,36746.0,60.86956522,3.2090565217391305,1.9039540979895149
2016,9,BLANK,BKFF,29730.0,57.65909091,3.2557714285714288,1.17637250772255
2016,9,BOBINA,BOBINA ZC,9289.0,57.65909091,3.2557714285714288,1.781451839370963
2016,9,CHAPA,CFF OL,8516.0,57.65909091,3.2557714285714288,1.0123021234687297
2016,9,CHAPA,CFQ,20268.0,57.65909091,3.2557714285714288,0.87833063105745
2016,9,CHAPA,CG DO LTQ,10297.0,57.65909091,3.2557714285714288,0.8845829823083403
2016,9,CHAPA,CZC,23422.0,57.65909091,3.2557714285714288,1.2100972916229196
2016,9,FITA,TFF OL BOB,29725.0,57.65909091,3.2557714285714288,1.2535689263110856
2016,9,FITA,TFQ DEC BOB,6114.0,57.65909091,3.2557714285714288,1.0286737469682325
2016,9,FITA,TZC BOB,9982.0,57.65909091,3.2557714285714288,1.2355061263461538
2016,9,RELAMINADO,TIRA REL,36906.0,57.65909091,3.2557714285714288,1.8559617116174205
2016,10,BLANK,BKFF,32517.0,58.95238095,3.185245,1.2024192801495648
2016,10,BOBINA,BOBINA ZC,8255.0,58.95238095,3.185245,1.820896037824406
2016,10,CHAPA,CFF OL,2089.0,58.95238095,3.185245,1.020329676367124
2016,10,CHAPA,CFQ,17464.0,58.95238095,3.185245,0.8610467544712312
2016,10,CHAPA,CG DO LTQ,48414.0,58.95238095,3.185245,0.8554977874498011
2016,10,CHAPA,CZC,11640.0,58.95238095,3.185245,1.2557903709133833
2016,10,FITA,TFF OL BOB,26203.0,58.95238095,3.185245,1.2752883579569434
2016,10,FITA,TFQ DEC BOB,6710.0,58.95238095,3.185245,1.0704943843396353
2016,10,FITA,TZC BOB,10549.0,58.95238095,3.185245,1.3046339379989613
2016,10,RELAMINADO,TIRA REL,25906.0,58.95238095,3.185245,1.911940839715626
2016,11,BLANK,BKFF,21094.0,74.13636364,3.34143,1.1648535138318743
2016,11,BOBINA,BOBINA ZC,22106.0,74.13636364,3.34143,1.5354416778841335
2016,11,CHAPA,CFQ,2480.0,74.13636364,3.34143,0.9067973891417745
2016,11,CHAPA,CZC,13906.0,74.13636364,3.34143,1.18658779119923
2016,11,FITA,TFF OL BOB,24897.0,74.13636364,3.34143,1.2316422727185785
2016,11,FITA,TFQ DEC BOB,6628.0,74.13636364,3.34143,1.0605360580959353
2016,11,FITA,TZC BOB,13275.0,74.13636364,3.34143,1.2820632694484533
2016,11,RELAMINADO,TIRA REL,33078.0,74.13636364,3.34143,1.82257297025525
2016,12,BLANK,BKFF,13766.0,79.43181818,3.351668181818182,1.1994027397483205
2016,12,BOBINA,BOBINA ZC,12579.0,79.43181818,3.351668181818182,1.8365188695093728
2016,12,CHAPA,CFQ,9964.0,79.43181818,3.351668181818182,0.9730260756801506
2016,12,CHAPA,CG DO LTQ,12908.0,79.43181818,3.351668181818182,0.9156945929222317
2016,12,FITA,TFF OL BOB,30098.0,79.43181818,3.351668181818182,1.156977747099988
2016,12,FITA,TFQ DEC BOB,5295.0,79.43181818,3.351668181818182,1.0621576501253784
2016,12,FITA,TZC BOB,12570.0,79.43181818,3.351668181818182,1.321305488907343
2016,12,RELAMINADO,TIRA REL,13335.0,79.43181818,3.351668181818182,1.8170056430515604
2017,1,BLANK,BKFF,19357.0,80.81818182,3.1959863636363637,1.294060903788007
2017,1,CHAPA,CFF OL,17569.0,80.81818182,3.1959863636363637,1.3433944418181487
2017,1,CHAPA,CFQ,2107.0,80.81818182,3.1959863636363637,1.0589798155405932
2017,1,CHAPA,CG DO LTQ,53678.0,80.81818182,3.1959863636363637,0.9931466770931167
2017,1,CHAPA,CZC,1518.0,80.81818182,3.1959863636363637,1.4549498874298303
2017,1,FITA,FAE,574.0,80.81818182,3.1959863636363637,1.7209084690030252
2017,1,FITA,TFF OL BOB,30621.0,80.81818182,3.1959863636363637,1.400510014208679
2017,1,FITA,TZC BOB,14842.0,80.81818182,3.1959863636363637,1.4399396089937602
2017,1,RELAMINADO,TIRA REL,30655.0,80.81818182,3.1959863636363637,2.0557497286518864
2017,2,BLANK,BKFF,16137.0,88.95,3.103588888888889,1.449066339566594
2017,2,CHAPA,CFF OL,20009.0,88.95,3.103588888888889,1.3612343744298676
2017,2,CHAPA,CFQ,21379.0,88.95,3.103588888888889,1.1570964215713375
2017,2,CHAPA,CG DO LTQ,26926.0,88.95,3.103588888888889,1.1131207182233136
2017,2,CHAPA,CZC,1479.0,88.95,3.103588888888889,1.4982654489605225
2017,2,FITA,TFF OL BOB,22143.0,88.95,3.103588888888889,1.6327606121484637
2017,2,FITA,TFQ DEC BOB,6390.0,88.95,3.103588888888889,1.263053883854892
2017,2,FITA,TZC BOB,22884.0,88.95,3.103588888888889,1.5474860285692527
2017,2,RELAMINADO,TIRA REL,22397.0,88.95,3.103588888888889,2.1201261621849974
2017,3,BLANK,BKFF,16475.0,87.19565217,3.1273304347826087,1.5540977647210485
2017,3,BOBINA,BOBINA ZC,4825.0,87.19565217,3.1273304347826087,2.1424023267518066
2017,3,CHAPA,CFF OL,10820.0,87.19565217,3.1273304347826087,1.4240606839613792
2017,3,CHAPA,CFQ,25849.0,87.19565217,3.1273304347826087,1.156770682880629
2017,3,CHAPA,CG DO LTQ,18873.0,87.19565217,3.1273304347826087,1.1055320284168617
2017,3,CHAPA,CZC,1905.0,87.19565217,3.1273304347826087,1.4165436279866421
2017,3,FITA,TFF OL BOB,35072.0,87.19565217,3.1273304347826087,1.5617471141381363
2017,3,FITA,TZC BOB,20563.0,87.19565217,3.1273304347826087,1.4787177554256188
2017,3,RELAMINADO,TIRA REL,31642.0,87.19565217,3.1273304347826087,2.110559566602133
2017,4,BLANK,BKFF,11899.0,70.4,3.135572222222222,1.5498394673269293
2017,4,CHAPA,CFF OL,11408.0,70.4,3.135572222222222,1.4287663247714844
2017,4,CHAPA,CFQ,5981.0,70.4,3.135572222222222,1.1593289564605584
2017,4,CHAPA,CG DO LTQ,11740.0,70.4,3.135572222222222,1.1108150726605905
2017,4,CHAPA,CZC,11082.0,70.4,3.135572222222222,1.467036851327863
2017,4,FITA,TFF OL BOB,13576.0,70.4,3.135572222222222,1.5829379683065201
2017,4,FITA,TZC BOB,13672.0,70.4,3.135572222222222,1.2848557647909924
2017,4,RELAMINADO,TIRA REL,23204.0,70.4,3.135572222222222,2.106502153867205
2017,5,BLANK,BKFF,12576.0,61.63043478,3.208704545454545,1.470273030406695
2017,5,BOBINA,BOBINA ZC,2990.0,61.63043478,3.208704545454545,1.3556872994623999
2017,5,CHAPA,CFF OL,14450.0,61.63043478,3.208704545454545,1.3025985783451635
2017,5,CHAPA,CFQ,7808.0,61.63043478,3.208704545454545,1.0899311096410973
2017,5,CHAPA,CFQ DEC OL,14383.0,61.63043478,3.208704545454545,0.9941706862724268
2017,5,CHAPA,CG DO LTQ,59390.0,61.63043478,3.208704545454545,1.0292484880695727
2017,5,CHAPA,CZC,974.0,61.63043478,3.208704545454545,1.1686959478124137
2017,5,FITA,TFF OL BOB,23515.0,61.63043478,3.208704545454545,1.4875577515915608
2017,5,FITA,TFQ DEC BOB,6848.0,61.63043478,3.208704545454545,1.2199388051472402
2017,5,FITA,TZC BOB,9037.0,61.63043478,3.208704545454545,1.347235753863038
2017,5,RELAMINADO,TIRA REL,23826.0,61.63043478,3.208704545454545,2.0506718230948486
2017,6,BLANK,BKFF,16852.0,57.86363636,3.294766666666667,1.4348474465276515
2017,6,BOBINA,BOBINA ZC,2951.0,57.86363636,3.294766666666667,1.229222099693453
2017,6,CHAPA,CFF OL,11972.0,57.86363636,3.294766666666667,1.238327448580071
2017,6,CHAPA,CFQ,11530.0,57.86363636,3.294766666666667,0.9900020250780278
2017,6,CHAPA,CG DO LTQ,14886.0,57.86363636,3.294766666666667,0.9788845413828157
2017,6,CHAPA,CZC,9667.0,57.86363636,3.294766666666667,1.1624630417606054
2017,6,FITA,TFF OL BOB,20778.0,57.86363636,3.294766666666667,1.3716106557023
2017,6,FITA,TFQ DEC BOB,4708.0,57.86363636,3.294766666666667,1.1563793086005079
2017,6,FITA,TZC BOB,3598.0,57.86363636,3.294766666666667,1.220116750806835
2017,6,RELAMINADO,TIRA REL,30285.0,57.86363636,3.294766666666667,1.9971065224649194
2017,7,BLANK,BKFF,19251.0,66.73809524,3.205538095238095,1.4731269517260586
2017,7,BOBINA,BOBINA ZC,2905.0,66.73809524,3.205538095238095,1.2634384242746557
2017,7,CHAPA,CFF OL,7401.0,66.73809524,3.205538095238095,1.2363513005724074
2017,7,CHAPA,CFQ,36458.0,66.73809524,3.205538095238095,1.0105187673301963
2017,7,CHAPA,CG DO LTQ,33897.0,66.73809524,3.205538095238095,1.0205701615920069
2017,7,FITA,FAE,949.0,66.73809524,3.205538095238095,1.7656941929369263
2017,7,FITA,TFF OL BOB,13963.0,66.73809524,3.205538095238095,1.3919542355901942
2017,7,FITA,TZC BOB,18764.0,66.73809524,3.205538095238095,1.1247322233576982
2017,7,RELAMINADO,TIRA REL,30332.0,66.73809524,3.205538095238095,1.9805955404028581
2017,8,BLANK,BKFF,9079.0,74.58695652,3.1503130434782607,1.497048140290115
2017,8,BOBINA,BOBINA GR LTQ,29755.0,74.58695652,3.1503130434782607,1.0570378099070898
2017,8,CHAPA,CFF OL,7598.0,74.58695652,3.1503130434782607,1.2712165860616216
2017,8,CHAPA,CFQ,10305.0,74.58695652,3.1503130434782607,1.0519367711297212
2017,8,CHAPA,CG DO LTQ,129759.0,74.58695652,3.1503130434782607,1.0052108521215917
2017,8,CHAPA,CZC,10147.0,74.58695652,3.1503130434782607,1.2855865255626768
2017,8,FITA,TFF OL BOB,43194.0,74.58695652,3.1503130434782607,1.3935353835295914
2017,8,FITA,TFQ DEC BOB,12728.0,74.58695652,3.1503130434782607,1.203420407221185
2017,8,FITA,TZC BOB,22594.0,74.58695652,3.1503130434782607,1.18111208211225
2017,8,RELAMINADO,TIRA REL,43847.0,74.58695652,3.1503130434782607,2.0086611350386656
2017,9,BLANK,BKFF,14967.0,69.23809524,3.13419,1.532841747951345
2017,9,BOBINA,BOBINA ZC,2988.0,69.23809524,3.13419,1.403871494708362
2017,9,CHAPA,CFF OL,23389.0,69.23809524,3.13419,1.3257906611915184
2017,9,CHAPA,CFQ,6595.0,69.23809524,3.13419,1.2062511101091593
2017,9,CHAPA,CG DO LTQ,112391.0,69.23809524,3.13419,1.1061279709967826
2017,9,FITA,TFF OL BOB,34298.0,69.23809524,3.13419,1.5333729822338757
2017,9,FITA,TFQ DEC BOB,1040.0,69.23809524,3.13419,1.3241060688726596
2017,9,FITA,TZC BOB,11650.0,69.23809524,3.13419,1.3150427993887763
2017,9,RELAMINADO,TIRA REL,25153.0,69.23809524,3.13419,2.118569710196255
2017,10,BLANK,BKFF,13570.0,61.04545455,3.190638095238095,1.6637283943942847
2017,10,BOBINA,BOBINA ZC,4565.0,61.04545455,3.190638095238095,2.021539205473155
2017,10,CHAPA,CFF OL,25414.0,61.04545455,3.190638095238095,1.3877308484969124
2017,10,CHAPA,CFQ,40399.0,61.04545455,3.190638095238095,1.1260492592739342
2017,10,CHAPA,CFQ DEC OL,4742.0,61.04545455,3.190638095238095,1.0835144523476703
2017,10,CHAPA,CG DO LTQ,139864.0,61.04545455,3.190638095238095,1.1133423207987108
2017,10,FITA,TFF OL BOB,27918.0,61.04545455,3.190638095238095,1.5858644120077536
2017,10,FITA,TFQ DEC BOB,9793.0,61.04545455,3.190638095238095,1.2850094174325482
2017,10,FITA,TZC BOB,16852.0,61.04545455,3.190638095238095,1.441302399099358
2017,10,RELAMINADO,TIRA REL,36646.0,61.04545455,3.190638095238095,2.1657109937704657
2017,11,BLANK,BKFF,24872.0,63.40909091,3.258735,1.6775251262815334
2017,11,CHAPA,CFF OL,18874.0,63.40909091,3.258735,1.334100867685307
2017,11,CHAPA,CFQ,48601.0,63.40909091,3.258735,1.148049179021407
2017,11,CHAPA,CFQ DEC OL,7196.0,63.40909091,3.258735,0.9973195120192344
2017,11,CHAPA,CG DO LTQ,77668.0,63.40909091,3.258735,1.1146170895062562
2017,11,CHAPA,CZC,6615.0,63.40909091,3.258735,1.451483474415686
2017,11,FITA,FAE,805.0,63.40909091,3.258735,1.822793200429001
2017,11,FITA,TFF OL BOB,20219.0,63.40909091,3.258735,1.6238677846167673
2017,11,FITA,TZC BOB,11142.0,63.40909091,3.258735,1.353369862540392
2017,11,RELAMINADO,TIRA REL,30678.0,63.40909091,3.258735,2.1450041196967535
2017,12,BLANK,BKFF,19153.0,71.73809524,3.29131,1.6941281444934555
2017,12,CHAPA,CFF OL,5034.0,71.73809524,3.29131,1.262769557021098
2017,12,CHAPA,CFQ,44963.0,71.73809524,3.29131,1.1381616275154982
2017,12,CHAPA,CG DO LTQ,65580.0,71.73809524,3.29131,1.1173042443616406
2017,12,FITA,TFF OL BOB,6116.0,71.73809524,3.29131,1.5307199578625994
2017,12,FITA,TFQ DEC BOB,5230.0,71.73809524,3.29131,1.3702750576518163
2017,12,FITA,TZC BOB,9263.0,71.73809524,3.29131,1.3542776315829597
2017,12,RELAMINADO,TIRA REL,19870.0,71.73809524,3.29131,2.1305947818419586
2018,1,BLANK,BKFF,8396.0,75.7826087,3.2099863636363635,1.7396868698167822
2018,1,CHAPA,CFF OL,5188.0,75.7826087,3.2099863636363635,1.3350761793073376
2018,1,CHAPA,CFQ,65325.0,75.7826087,3.2099863636363635,1.1730649172584058
2018,1,CHAPA,CG DO LTQ,127757.0,75.7826087,3.2099863636363635,1.1248559214903568
2018,1,CHAPA,CZC,14103.0,75.7826087,3.2099863636363635,1.3926777213154944
2018,1,FITA,TFF OL BOB,22164.0,75.7826087,3.2099863636363635,1.6284074391345924
2018,1,FITA,TFQ DEC BOB,8599.0,75.7826087,3.2099863636363635,1.366199221139554
2018,1,FITA,TZC BOB,19007.0,75.7826087,3.2099863636363635,1.2706681001415658
2018,1,RELAMINADO,TIRA REL,36792.0,75.7826087,3.2099863636363635,2.177579344007409
2018,2,BOBINA,BOBINA ZC,6605.0,77.65,3.2409055555555555,1.5088375505474292
2018,2,CHAPA,CFF OL,15938.0,77.65,3.2409055555555555,1.3395150250810532
2018,2,CHAPA,CFQ,43449.0,77.65,3.2409055555555555,1.1633058310297502
2018,2,CHAPA,CG DO LTQ,85524.0,77.65,3.2409055555555555,1.1356346540144768
2018,2,FITA,FAE,951.0,77.65,3.2409055555555555,1.8883611062065988
2018,2,FITA,TFF OL BOB,32692.0,77.65,3.2409055555555555,1.6450368009764613
2018,2,FITA,TFQ DEC BOB,4942.0,77.65,3.2409055555555555,1.3146647118578327
2018,2,FITA,TZC BOB,21042.0,77.65,3.2409055555555555,1.3890700622078251
2018,2,RELAMINADO,TIRA REL,34628.0,77.65,3.2409055555555555,2.1620142594027962
2018,3,BLANK,BKFF,2096.0,71.31818182,3.2786142857142857,1.3572807327137337
2018,3,CHAPA,CFF OL,14399.0,71.31818182,3.2786142857142857,1.356323495260269
2018,3,CHAPA,CFQ,48575.0,71.31818182,3.2786142857142857,1.204724284061209
2018,3,CHAPA,CG DO LTQ,91730.0,71.31818182,3.2786142857142857,1.1557110350557684
2018,3,FITA,FAE,483.0,71.31818182,3.2786142857142857,1.8239412992422759
2018,3,FITA,TFF OL BOB,17552.0,71.31818182,3.2786142857142857,1.3413683111074892
2018,3,FITA,TFQ DEC BOB,7965.0,71.31818182,3.2786142857142857,1.3757936754401408
2018,3,FITA,TZC BOB,21933.0,71.31818182,3.2786142857142857,1.4450059922143002
2018,3,RELAMINADO,TIRA REL,32166.0,71.31818182,3.2786142857142857,2.1310876915190824
2018,4,BOBINA,BOBINA ZC,6850.0,66.33333333,3.4069,1.3678123807566998
2018,4,CHAPA,CFF OL,14620.0,66.33333333,3.4069,1.2931568143333807
2018,4,CHAPA,CFQ,39204.0,66.33333333,3.4069,1.1708089307070697
2018,4,CHAPA,CFQ DEC OL,3855.0,66.33333333,3.4069,1.0420029939240951
2018,4,CHAPA,CG DO LTQ,137211.0,66.33333333,3.4069,1.1270693449974525
2018,4,CHAPA,CZC,12477.0,66.33333333,3.4069,1.4030350171710353
2018,4,FITA,TFF OL BOB,9140.0,66.33333333,3.4069,1.4816179778802614
2018,4,FITA,TFQ DEC BOB,9384.0,66.33333333,3.4069,1.32378408523878
2018,4,FITA,TZC BOB,12822.0,66.33333333,3.4069,1.4476037941828341
2018,4,RELAMINADO,TIRA REL,24896.0,66.33333333,3.4069,2.037576909924446
2018,5,CHAPA,CFF OL,8779.0,66.63043478,3.635461904761905,1.2323055824438371
2018,5,CHAPA,CFQ,31695.0,66.63043478,3.635461904761905,1.0831464932633228
2018,5,CHAPA,CG DO LTQ,99160.0,66.63043478,3.635461904761905,1.0391541054037658
2018,5,CHAPA,CZC,119549.0,66.63043478,3.635461904761905,1.276113420206913
2018,5,FITA,TFF OL BOB,5802.0,66.63043478,3.635461904761905,1.5796770980414612
2018,5,FITA,TZC BOB,13867.0,66.63043478,3.635461904761905,1.3596940802460094
2018,5,RELAMINADO,TIRA REL,19313.0,66.63043478,3.635461904761905,1.989975861911168
2018,6,CHAPA,CFF OL,8529.0,66.85714286,3.7725714285714287,1.16164209291613
2018,6,CHAPA,CFQ,40117.0,66.85714286,3.7725714285714287,1.0578826226682891
2018,6,CHAPA,CFQ PISO,952.0,66.85714286,3.7725714285714287,1.476446531354135
2018,6,CHAPA,CG DO LCG,825.0,66.85714286,3.7725714285714287,1.1265525598303543
2018,6,CHAPA,CG DO LTQ,113774.0,66.85714286,3.7725714285714287,1.0185457766161925
2018,6,FITA,TFF OL BOB,28429.0,66.85714286,3.7725714285714287,1.264074148953953
2018,6,FITA,TFQ DEC BOB,13486.0,66.85714286,3.7725714285714287,1.1950215529760728
2018,6,FITA,TZC BOB,23314.0,66.85714286,3.7725714285714287,1.3604262105917146
2018,6,RELAMINADO,TIRA REL,38948.0,66.85714286,3.7725714285714287,1.9035900254394296
2018,7,CHAPA,CFF OL,7958.0,67.04545455,3.8281363636363634,1.1628125157402893
2018,7,CHAPA,CFQ,49898.0,67.04545455,3.8281363636363634,1.0329916878018996
2018,7,CHAPA,CG DO LTQ,103357.0,67.04545455,3.8281363636363634,1.0103395121314123
2018,7,FITA,TFF OL BOB,34673.0,67.04545455,3.8281363636363634,1.2440932146863324
2018,7,FITA,TFQ DEC BOB,5747.0,67.04545455,3.8281363636363634,1.170659507937736
2018,7,FITA,TZC BOB,17486.0,67.04545455,3.8281363636363634,1.3682002115916705
2018,7,RELAMINADO,TIRA REL,52911.0,67.04545455,3.8281363636363634,1.8360977510269036
2018,8,CHAPA,CFF OL,7504.0,68.02173913,3.9291565217391304,1.129150353500299
2018,8,CHAPA,CFQ,35362.0,68.02173913,3.9291565217391304,1.0176904200567534
2018,8,CHAPA,CFQ DEC OL,11913.0,68.02173913,3.9291565217391304,1.0485711060898124
2018,8,CHAPA,CG DO LTQ,99832.0,68.02173913,3.9291565217391304,0.9917373665045243
2018,8,FITA,TFF OL BOB,13380.0,68.02173913,3.9291565217391304,1.4096102285762295
2018,8,FITA,TFQ DEC BOB,9400.0,68.02173913,3.9291565217391304,1.147829050598314
2018,8,FITA,TZC BOB,34488.0,68.02173913,3.9291565217391304,1.3949133161525322
2018,8,RELAMINADO,TIRA REL,35407.0,68.02173913,3.9291565217391304,1.885568426124039
2018,9,BOBINA,BOBINA FQ,12910.0,68.8,4.115947368421053,1.0325690830275052
2018,9,BOBINA,BOBINA GALVALUME,31100.0,68.8,4.115947368421053,0.9673627458062911
2018,9,BOBINA,BOBINA ZC,16455.0,68.8,4.115947368421053,0.9757121716660766
2018,9,CHAPA,CFF OL,12127.0,68.8,4.115947368421053,1.1306023164023955
2018,9,CHAPA,CFQ,43032.0,68.8,4.115947368421053,1.023335831158523
2018,9,CHAPA,CG DO LTQ,71668.0,68.8,4.115947368421053,0.9830481832304481
2018,9,FITA,FAE,1031.0,68.8,4.115947368421053,1.5792233034538314
2018,9,FITA,TFF OL BOB,30344.0,68.8,4.115947368421053,1.2926553174920492
2018,9,FITA,TFQ DEC BOB,3649.0,68.8,4.115947368421053,1.1706193731026844
2018,9,FITA,TZC BOB,9543.0,68.8,4.115947368421053,1.3814610971395993
2018,9,RELAMINADO,TIRA REL,27844.0,68.8,4.115947368421053,1.7999542832072146
2018,10,BOBINA,BOBINA GALVALUME,7110.0,72.02173913,3.7578045454545457,1.072434702564481
2018,10,BOBINA,BOBINA ZC,5065.0,72.02173913,3.7578045454545457,1.0112287517977736
2018,10,CHAPA,CFF OL,14210.0,72.02173913,3.7578045454545457,1.2610867878557925
2018,10,CHAPA,CFQ,51692.0,72.02173913,3.7578045454545457,1.1359364247519121
2018,10,CHAPA,CG DO LTQ,101446.0,72.02173913,3.7578045454545457,1.1075014146654483
2018,10,CHAPA,CZC,13172.0,72.02173913,3.7578045454545457,1.4370092788705204
2018,10,FITA,TFF OL BOB,20928.0,72.02173913,3.7578045454545457,1.4894493245174896
2018,10,FITA,TFQ DEC BOB,9175.0,72.02173913,3.7578045454545457,1.2745499343700963
2018,10,FITA,TZC BOB,15844.0,72.02173913,3.7578045454545457,1.5047882702705087
2018,10,RELAMINADO,TIRA REL,34511.0,72.02173913,3.7578045454545457,1.9718960660056581
2018,11,BOBINA,BOBINA GALVALUME,14480.0,72.29545455,3.786015,1.046848461482734
2018,11,CHAPA,CFF OL,16192.0,72.29545455,3.786015,1.1663755338524593
2018,11,CHAPA,CFQ,66211.0,72.29545455,3.786015,1.0717911263205322
2018,11,CHAPA,CG DO LTQ,90695.0,72.29545455,3.786015,1.0764210867433468
2018,11,FITA,TFF OL BOB,24550.0,72.29545455,3.786015,1.5781776018636366
2018,11,FITA,TFQ DEC BOB,6621.0,72.29545455,3.786015,1.2658598994684143
2018,11,FITA,TZC BOB,12362.0,72.29545455,3.786015,1.5282403229465646
2018,11,RELAMINADO,TIRA REL,34983.0,72.29545455,3.786015,1.956886591716561
2018,12,BOBINA,BOBINA GALVALUME,7280.0,68.9047619,3.884405,1.0117379624421243
2018,12,CHAPA,CFF OL,4717.0,68.9047619,3.884405,1.1095650427800396
2018,12,CHAPA,CFQ,17995.0,68.9047619,3.884405,1.0276927851379107
2018,12,CHAPA,CG DO LTQ,36236.0,68.9047619,3.884405,1.0459615406262064
2018,12,FITA,TFF OL BOB,20573.0,68.9047619,3.884405,1.2783317537606294
2018,12,FITA,TFQ DEC BOB,5669.0,68.9047619,3.884405,1.2228385042239416
2018,12,FITA,TZC BOB,19556.0,68.9047619,3.884405,1.4593839232063959
2018,12,RELAMINADO,TIRA REL,24454.0,68.9047619,3.884405,1.9074820500508547
2019,1,CHAPA,CFF OL,11687.0,75.2,3.7410545454545456,1.153772265019231
2019,1,CHAPA,CFQ,50080.0,75.2,3.7410545454545456,1.061693430792034
2019,1,CHAPA,CG DO LTQ,81965.0,75.2,3.7410545454545456,1.0750822115916452
2019,1,FITA,TFF OL BOB,20987.0,75.2,3.7410545454545456,1.5897919635116349
2019,1,FITA,TFQ DEC BOB,3213.0,75.2,3.7410545454545456,1.2667828239004657
2019,1,FITA,TZC BOB,21110.0,75.2,3.7410545454545456,1.5225787659498111
2019,1,RELAMINADO,TIRA REL,39517.0,75.2,3.7410545454545456,1.9805620452673516
2019,2,BOBINA,BOBINA FF,7645.0,87.59,3.723025,0.9132358767400165
2019,2,BOBINA,BOBINA GALVALUME,16640.0,87.59,3.723025,1.0364781688587599
2019,2,CHAPA,CFF OL,15357.0,87.59,3.723025,1.1498058721154498
2019,2,CHAPA,CFQ,54015.0,87.59,3.723025,1.0601756491488399
2019,2,CHAPA,CG DO LTQ,119644.0,87.59,3.723025,1.060733998907422
2019,2,FITA,TFF OL BOB,14181.0,87.59,3.723025,1.6124999856227864
2019,2,FITA,TZC BOB,20656.0,87.59,3.723025,1.5473200350545346
2019,2,RELAMINADO,TIRA REL,27346.0,87.59,3.723025,1.9556288151834096
2019,3,BOBINA,BOBINA GALVALUME,5315.0,87.07142857,3.845884210526316,0.9880692688561113
2019,3,CHAPA,CFF OL,14515.0,87.07142857,3.845884210526316,1.0803525417061635
2019,3,CHAPA,CFQ,42295.0,87.07142857,3.845884210526316,1.0100306807920083
2019,3,CHAPA,CG DO LTQ,129972.0,87.07142857,3.845884210526316,1.015562337433786
2019,3,CHAPA,CZC,15446.0,87.07142857,3.845884210526316,1.445975072392272
2019,3,FITA,TFF OL BOB,30852.0,87.07142857,3.845884210526316,1.2264416457734324
2019,3,FITA,TFQ DEC BOB,8440.0,87.07142857,3.845884210526316,1.1710201278495813
2019,3,FITA,TZC BOB,33284.0,87.07142857,3.845884210526316,1.4116961010846272
2019,3,RELAMINADO,TIRA REL,27321.0,87.07142857,3.845884210526316,1.921151263467137
2019,4,BOBINA,BOBINA FQ,47150.0,94.5,3.895557142857143,0.9010264440443141
2019,4,CHAPA,CFF OL,7069.0,94.5,3.895557142857143,1.0146252829046334
2019,4,CHAPA,CFQ,46032.0,94.5,3.895557142857143,0.9427573053441206
2019,4,CHAPA,CG DO LTQ,65411.0,94.5,3.895557142857143,0.9467790255979223
2019,4,FITA,TFF OL BOB,60703.0,94.5,3.895557142857143,1.1791474839215559
2019,4,FITA,TFQ DEC BOB,18908.0,94.5,3.895557142857143,1.1066458694327228
2019,4,FITA,TZC BOB,51431.0,94.5,3.895557142857143,1.250893728912987
2019,4,RELAMINADO,TIRA REL,21740.0,94.5,3.895557142857143,1.9021669374268855
2019,5,CHAPA,CFF OL,12197.0,101.7608696,4.000918181818182,1.0062900814409546
2019,5,CHAPA,CFQ,46118.0,101.7608696,4.000918181818182,0.9490960189360922
2019,5,CHAPA,CG DO LCG,1910.0,101.7608696,4.000918181818182,1.0022699334925391
2019,5,CHAPA,CG DO LTQ,115015.0,101.7608696,4.000918181818182,0.941616595398531
2019,5,CHAPA,CZC,18821.0,101.7608696,4.000918181818182,1.154664684715437
2019,5,FITA,TFF OL BOB,42083.0,101.7608696,4.000918181818182,1.1000104303814584
2019,5,FITA,TFQ DEC BOB,19473.0,101.7608696,4.000918181818182,1.1137736352999235
2019,5,FITA,TZC BOB,67491.0,101.7608696,4.000918181818182,1.2511730676860404
2019,5,RELAMINADO,TIRA REL,13835.0,101.7608696,4.000918181818182,1.7840149544080692
2019,6,BOBINA,BOBINA GALVALUME,6870.0,109.55,3.8582263157894734,1.0237864958400575
2019,6,CHAPA,CFF OL,1410.0,109.55,3.8582263157894734,1.0237864958400575
2019,6,CHAPA,CFQ,23597.0,109.55,3.8582263157894734,0.9619523426056951
2019,6,CHAPA,CG DO LTQ,79326.0,109.55,3.8582263157894734,0.9687971518057981
2019,6,CHAPA,CZC,4433.0,109.55,3.8582263157894734,1.495505843290413
2019,6,FITA,TFF OL BOB,22990.0,109.55,3.8582263157894734,1.3447549291733838
2019,6,FITA,TFQ DEC BOB,5634.0,109.55,3.8582263157894734,1.284564688383474
2019,6,FITA,TZC BOB,52989.0,109.55,3.8582263157894734,1.3445570392862523
2019,6,RELAMINADO,TIRA REL,25441.0,109.55,3.8582263157894734,1.782592663815882
2019,7,BOBINA,BOBINA FQ,34585.0,119.5869565,3.7787130434782608,0.9368268929840388
2019,7,BOBINA,BOBINA GALVALUME,7785.0,119.5869565,3.7787130434782608,1.032097424473941
2019,7,CHAPA,CFQ,11801.0,119.5869565,3.7787130434782608,1.0539882799392262
2019,7,CHAPA,CG DO LTQ,55533.0,119.5869565,3.7787130434782608,1.0648159860593158
2019,7,FITA,TFF OL BOB,26366.0,119.5869565,3.7787130434782608,1.2832188084010872
2019,7,FITA,TFQ DEC BOB,10495.0,119.5869565,3.7787130434782608,1.2528526254670402
2019,7,FITA,TZC BOB,67091.0,119.5869565,3.7787130434782608,1.342676132108849
2019,7,RELAMINADO,TIRA REL,20774.0,119.5869565,3.7787130434782608,1.9609851065004882
2019,8,BOBINA,BOBINA FQ,11080.0,93.5,4.019381818181818,0.8807324509422524
2019,8,BOBINA,BOBINA GALVALUME,14385.0,93.5,4.019381818181818,0.9329792912523861
2019,8,CHAPA,CFF OL,1246.0,93.5,4.019381818181818,0.9329792912523861
2019,8,CHAPA,CFQ,45399.0,93.5,4.019381818181818,0.917036748931712
2019,8,CHAPA,CFQ DEC OL,1945.0,93.5,4.019381818181818,0.9877140763391928
2019,8,CHAPA,CG DO LTQ,19506.0,93.5,4.019381818181818,0.9598482275163248
2019,8,CHAPA,CZC,8810.0,93.5,4.019381818181818,1.1494304868229397
2019,8,FITA,TFF OL BOB,30225.0,93.5,4.019381818181818,1.2167371922963814
2019,8,FITA,TFQ DEC BOB,8936.0,93.5,4.019381818181818,1.181022875112316
2019,8,FITA,TZC BOB,76608.0,93.5,4.019381818181818,1.208978520127441
2019,8,RELAMINADO,TIRA REL,16990.0,93.5,4.019381818181818,1.8251130895970509
2019,9,BOBINA,BOBINA GALVALUME,15230.0,92.26190476,4.1209,0.909995389356694
2019,9,CHAPA,CFF OL,1491.0,92.26190476,4.1209,1.0094882185930258
2019,9,CHAPA,CFQ,36622.0,92.26190476,4.1209,0.9169745220732312
2019,9,CHAPA,CFQ DEC OL,5211.0,92.26190476,4.1209,0.9633817855322867
2019,9,CHAPA,CG DO LTQ,34912.0,92.26190476,4.1209,0.8922417907961915
2019,9,FITA,TFF OL BOB,41022.0,92.26190476,4.1209,1.2314710738581156
2019,9,FITA,TFQ DEC BOB,4572.0,92.26190476,4.1209,1.131164872439187
2019,9,FITA,TZC BOB,54374.0,92.26190476,4.1209,1.2617957844126695
2019,9,RELAMINADO,TIRA REL,22525.0,92.26190476,4.1209,1.7457669357649503
2019,10,CHAPA,CFF OL,3165.0,88.58695652,4.086386956521739,0.9666240720781301
2019,10,CHAPA,CFQ,19063.0,88.58695652,4.086386956521739,0.9034221954855146
2019,10,CHAPA,CFQ DEC OL,4998.0,88.58695652,4.086386956521739,0.8933452119267635
2019,10,CHAPA,CG DO LTQ,11536.0,88.58695652,4.086386956521739,0.956179138867184
2019,10,FITA,TFF OL BOB,42335.0,88.58695652,4.086386956521739,1.234674608137956
2019,10,FITA,TFQ DEC BOB,16854.0,88.58695652,4.086386956521739,1.1307476000536978
2019,10,FITA,TZC BOB,50338.0,88.58695652,4.086386956521739,1.3208216724156687
2019,10,RELAMINADO,TIRA REL,19912.0,88.58695652,4.086386956521739,1.7342006965734016
2019,11,BOBINA,BOBINA FQ,12785.0,82.9047619,4.154725,0.9025868138083748
2019,11,CHAPA,CFF OL,1520.0,82.9047619,4.154725,0.9747937589130448
2019,11,CHAPA,CFQ,14179.0,82.9047619,4.154725,0.8799310084427053
2019,11,CHAPA,CFQ DEC OL,1591.0,82.9047619,4.154725,0.9555385735517995
2019,11,CHAPA,CG DO LTQ,23586.0,82.9047619,4.154725,0.9081948477666933
2019,11,CHAPA,CZC,4347.0,82.9047619,4.154725,1.1360559363134743
2019,11,FITA,TFF OL BOB,34079.0,82.9047619,4.154725,1.152982195733205
2019,11,FITA,TFQ DEC BOB,6498.0,82.9047619,4.154725,1.1038698775880966
2019,11,FITA,TZC BOB,84166.0,82.9047619,4.154725,1.236111447636667
2019,11,RELAMINADO,TIRA REL,14322.0,82.9047619,4.154725,1.7450465484854625
2019,12,CHAPA,CFQ,7945.0,90.97727273,4.10892380952381,0.8991674263364051
2019,12,CHAPA,CFQ DEC OL,4580.0,90.97727273,4.10892380952381,0.9578837090910761
2019,12,CHAPA,CG DO LTQ,1394.0,90.97727273,4.10892380952381,1.065972552191861
2019,12,FITA,TFF OL BOB,8043.0,90.97727273,4.10892380952381,1.296809300918357
2019,12,FITA,TFQ DEC BOB,2433.0,90.97727273,4.10892380952381,1.2144299167665267
2019,12,FITA,TZC BOB,59623.0,90.97727273,4.10892380952381,1.2349653862179495
2019,12,RELAMINADO,TIRA REL,2841.0,90.97727273,4.10892380952381,1.5311554087686616
2019,12,TELHA,TELHA,4893.0,90.97727273,4.10892380952381,1.087622429091418
2020,1,CHAPA,CFF OL,1105.0,95.2173913,4.148863636363637,0.9761709120788823
2020,1,CHAPA,CFQ,11801.0,95.2173913,4.148863636363637,0.8702231665162331
2020,1,CHAPA,CG DO LTQ,58809.0,95.2173913,4.148863636363637,0.878831270173363
2020,1,FITA,TFF OL BOB,20520.0,95.2173913,4.148863636363637,1.126832542874579
2020,1,FITA,TFQ DEC BOB,7551.0,95.2173913,4.148863636363637,1.130229240761108
2020,1,FITA,TZC BOB,22460.0,95.2173913,4.148863636363637,1.2959329650959872
2020,1,RELAMINADO,TIRA REL,18777.0,95.2173913,4.148863636363637,1.7422131340219118
2020,2,BLANK,BKFF,2855.0,87.625,4.340411111111111,1.1243174609675992
2020,2,CHAPA,CFF OL,1549.0,87.625,4.340411111111111,0.9561306276671182
2020,2,CHAPA,CFQ,20156.0,87.625,4.340411111111111,0.8498314299913302
2020,2,CHAPA,CFQ DEC OL,6157.0,87.625,4.340411111111111,0.9124281923920594
2020,2,CHAPA,CG DO LTQ,41683.0,87.625,4.340411111111111,0.8529404328928942
2020,2,FITA,TFF OL BOB,61938.0,87.625,4.340411111111111,1.104770999534284
2020,2,FITA,TFQ DEC BOB,8573.0,87.625,4.340411111111111,1.1147093800634562
2020,2,FITA,TZC BOB,92337.0,87.625,4.340411111111111,1.1935858938782742
2020,2,PERFIL,PERFIL FF,3530.0,87.625,4.340411111111111,1.1012781687346564
2020,2,PERFIL,PERFIL FQ,2979.0,87.625,4.340411111111111,0.9169638308711157
2020,2,RELAMINADO,TIRA REL,17912.0,87.625,4.340411111111111,1.6615147287007634
2020,3,CHAPA,CFF OL,3742.0,88.65909091,4.883218181818182,0.8232276032571664
2020,3,CHAPA,CG DO LTQ,70411.0,88.65909091,4.883218181818182,0.771957430963155
2020,3,FITA,TFF OL BOB,10196.0,88.65909091,4.883218181818182,1.1751418219861636
2020,3,FITA,TFQ DEC BOB,6816.0,88.65909091,4.883218181818182,1.0095596901849304
2020,3,FITA,TZC BOB,60164.0,88.65909091,4.883218181818182,1.0569196947479715
2020,3,RELAMINADO,TIRA REL,12007.0,88.65909091,4.883218181818182,1.487150518915608
2020,4,BOBINA,BOBINA FQ,11375.0,83.75,5.324985,0.7605655227197823
2020,4,CHAPA,CFF OL,1293.0,83.75,5.324985,0.8300492865238118
2020,4,CHAPA,CG DO LTQ,39862.0,83.75,5.324985,0.6910817589157529
2020,4,FITA,TFF OL BOB,14388.0,83.75,5.324985,0.9212502179596982
2020,4,FITA,TZC BOB,42459.0,83.75,5.324985,1.0053086076453432
2020,5,CHAPA,CFF OL,4261.0,91.33333333,5.64285,0.7416346552349291
2020,5,CHAPA,CFQ,14965.0,91.33333333,5.64285,0.6503408994279106
2020,5,CHAPA,CFQ DEC OL,2175.0,91.33333333,5.64285,0.753165510336089
2020,5,CHAPA,CG DO LTQ,77152.0,91.33333333,5.64285,0.6622425547815128
2020,5,FITA,TFF OL BOB,18802.0,91.33333333,5.64285,0.8003177043900176
2020,5,FITA,TZC BOB,22483.0,91.33333333,5.64285,0.9891993692094457
2020,6,CHAPA,CFF OL,4628.0,103.3409091,5.195995238095238,0.8062754945121062
2020,6,CHAPA,CFQ,23918.0,103.3409091,5.195995238095238,0.7260695776636009
2020,6,CHAPA,CFQ DEC OL,108.0,103.3409091,5.195995238095238,0.8891463113991638
2020,6,CHAPA,CG DO LTQ,64453.0,103.3409091,5.195995238095238,0.73680058507324
2020,6,FITA,TFF OL BOB,27223.0,103.3409091,5.195995238095238,0.933157725646354
2020,6,FITA,TFQ DEC BOB,4198.0,103.3409091,5.195995238095238,0.9045427843238244
2020,6,FITA,TZC BOB,72541.0,103.3409091,5.195995238095238,1.0414061021634697
2020,6,RELAMINADO,TIRA REL,4138.0,103.3409091,5.195995238095238,1.3819608807538182
2020,7,BOBINA,BOBINA FF,11151.0,108.0217391,5.279595652173913,0.8561261690824479
2020,7,BOBINA,BOBINA ZC,12255.0,108.0217391,5.279595652173913,1.0019706713376437
2020,7,CHAPA,CFF OL,3306.0,108.0217391,5.279595652173913,0.9073947839142313
2020,7,CHAPA,CFQ,9566.0,108.0217391,5.279595652173913,0.7792805138909619
2020,7,CHAPA,CG DO LTQ,64330.0,108.0217391,5.279595652173913,0.7627126212632733
2020,7,FITA,TFF OL BOB,50419.0,108.0217391,5.279595652173913,0.9322470708596204
2020,7,FITA,TFQ DEC BOB,6860.0,108.0217391,5.279595652173913,0.933591461821698
2020,7,FITA,TZC BOB,54018.0,108.0217391,5.279595652173913,1.0337768997664718
2020,7,RELAMINADO,TIRA REL,12739.0,108.0217391,5.279595652173913,1.3083979693246037
2020,8,CHAPA,CFF OL,2734.0,120.0714286,5.460633333333333,0.8607060231108724
2020,8,CHAPA,CFQ,20978.0,120.0714286,5.460633333333333,0.7724041424442725
2020,8,CHAPA,CFQ DEC OL,5949.0,120.0714286,5.460633333333333,0.8167550772498917
2020,8,CHAPA,CG DO LTQ,68683.0,120.0714286,5.460633333333333,0.7939001278664555
2020,8,FITA,TFF OL BOB,22250.0,120.0714286,5.460633333333333,1.1021451943639362
2020,8,FITA,TFQ DEC BOB,2307.0,120.0714286,5.460633333333333,0.8737322299736577
2020,8,FITA,TZC BOB,46452.0,120.0714286,5.460633333333333,1.0526264306842084
2020,8,RELAMINADO,TIRA REL,12295.0,120.0714286,5.460633333333333,1.3021681620115753
2020,9,BLANK,BKFF,987.0,123.0,5.398880952380952,1.035399752153224
2020,9,CHAPA,CFF OL,1883.0,123.0,5.398880952380952,1.0705922303122783
2020,9,CHAPA,CFQ,1697.0,123.0,5.398880952380952,0.9798326813757701
2020,9,CHAPA,CG DO LTQ,99837.0,123.0,5.398880952380952,0.8438676874549205
2020,9,FITA,TFF OL BOB,56130.0,123.0,5.398880952380952,1.0823032239467811
2020,9,FITA,TFQ DEC BOB,6311.0,123.0,5.398880952380952,0.9374824906401538
2020,9,FITA,TZC BOB,109784.0,123.0,5.398880952380952,1.052235839670326
2020,9,RELAMINADO,TIRA REL,5838.0,123.0,5.398880952380952,1.3172232188626507
2020,10,CHAPA,CFF OL,3200.0,119.25,5.625190476190476,1.1694881760617628
2020,10,CHAPA,CFQ,22011.0,119.25,5.625190476190476,0.954939228156233
2020,10,CHAPA,CG DO LTQ,59940.0,119.25,5.625190476190476,0.9286016328105908
2020,10,FITA,TFF OL BOB,38213.0,119.25,5.625190476190476,1.1691769814250665
2020,10,FITA,TFQ DEC BOB,9362.0,119.25,5.625190476190476,0.943097785033629
2020,10,FITA,TZC BOB,90753.0,119.25,5.625190476190476,1.1760898257913643
2020,10,RELAMINADO,TIRA REL,4912.0,119.25,5.625190476190476,1.4470621100661145
2020,11,CHAPA,CFF OL,1567.0,123.5238095,5.417235,1.487843890840992
2020,11,CHAPA,CFQ,1967.0,123.5238095,5.417235,1.2331013884389361
2020,11,CHAPA,CG DO LTQ,32787.0,123.5238095,5.417235,1.0702181921806846
2020,11,FITA,TFF OL BOB,54417.0,123.5238095,5.417235,1.3329917926761896
2020,11,FITA,TFQ DEC BOB,1836.0,123.5238095,5.417235,1.1020382169132408
2020,11,FITA,TZC BOB,55049.0,123.5238095,5.417235,1.2962014769111718
2020,11,RELAMINADO,TIRA REL,9440.0,123.5238095,5.417235,1.549496418156783
2020,12,BOBINA,BOBINA GR LTQ,8870.0,153.0652174,5.1449454545454545,1.2983616753601062
2020,12,CHAPA,CFF OL,1945.0,153.0652174,5.1449454545454545,1.5665860933237212
2020,12,CHAPA,CFQ,10562.0,153.0652174,5.1449454545454545,1.3158041497708757
2020,12,CHAPA,CG DO LTQ,20497.0,153.0652174,5.1449454545454545,1.2722079108836892
2020,12,FITA,FAE,501.0,153.0652174,5.1449454545454545,1.481065264407786
2020,12,FITA,TFF OL BOB,42667.0,153.0652174,5.1449454545454545,1.5853658468708802
2020,12,FITA,TFQ DEC BOB,8029.0,153.0652174,5.1449454545454545,1.3242779656862347
2020,12,FITA,TZC BOB,111145.0,153.0652174,5.1449454545454545,1.4791159956973907
2020,12,RELAMINADO,TIRA REL,4127.0,153.0652174,5.1449454545454545,1.6326703702133074
2021,1,BLANK,BKFF,3950.0,166.7380952,5.3556,1.7749285971575004
2021,1,BOBINA,BOBINA GR LTQ,40420.0,166.7380952,5.3556,1.294136887574042
2021,1,CHAPA,CFQ,12767.0,166.7380952,5.3556,1.3294232227040965
2021,1,CHAPA,CG DO LTQ,17903.0,166.7380952,5.3556,1.3236243250702129
2021,1,FITA,TFF OL BOB,21192.0,166.7380952,5.3556,1.7027757146190983
2021,1,FITA,TFQ DEC BOB,3502.0,166.7380952,5.3556,1.4078028201419552
2021,1,FITA,TZC BOB,52522.0,166.7380952,5.3556,1.757321137110414
2021,2,BOBINA,BOBINA ZC,12400.0,162.325,5.415894444444444,1.8316457423160843
2021,2,CHAPA,CFF OL,1279.0,162.325,5.415894444444444,1.8353385764739796
2021,2,CHAPA,CFQ,1098.0,162.325,5.415894444444444,1.5989971903686784
2021,2,CHAPA,CG DO LTQ,7952.0,162.325,5.415894444444444,1.5892514889555005
2021,2,CHAPA,CZC,2122.0,162.325,5.415894444444444,1.9018095913160957
2021,2,FITA,TFF OL BOB,34270.0,162.325,5.415894444444444,1.8085428459698794
2021,2,FITA,TFQ DEC BOB,4251.0,162.325,5.415894444444444,1.7241795773534516
2021,2,FITA,TZC BOB,103945.0,162.325,5.415894444444444,2.0176035408489694
2021,2,RELAMINADO,TIRA REL,4702.0,162.325,5.415894444444444,2.1049154700003387
2021,3,CHAPA,CFQ,4745.0,166.7391304,5.645547826086957,1.4658995666382746
2021,3,CHAPA,CG DO LTQ,14775.0,166.7391304,5.645547826086957,1.5135497670941371
2021,3,CHAPA,CZC,1985.0,166.7391304,5.645547826086957,1.9572945514587872
2021,3,FITA,TFF OL BOB,28334.0,166.7391304,5.645547826086957,2.113411776765808
2021,3,FITA,TFQ DEC BOB,5606.0,166.7391304,5.645547826086957,1.4079314641473322
2021,3,FITA,TZC BOB,136031.0,166.7391304,5.645547826086957,1.9174272268463521
2021,3,RELAMINADO,TIRA REL,2971.0,166.7391304,5.645547826086957,2.39361564935702
2021,4,CHAPA,CFF OL,1355.0,178.25,5.561535,2.1936389863589816
2021,4,CHAPA,CFQ,5468.0,178.25,5.561535,1.6207327450685018
2021,4,CHAPA,CG DO LTQ,14941.0,178.25,5.561535,1.6476348027266132
2021,4,CHAPA,CZC,2985.0,178.25,5.561535,2.186446727387313
2021,4,FITA,TFF OL BOB,31401.0,178.25,5.561535,2.170409588618354
2021,4,FITA,TFQ DEC BOB,6565.0,178.25,5.561535,1.869151978869088
2021,4,FITA,TZC BOB,90303.0,178.25,5.561535,2.2236290926459694
2021,4,RELAMINADO,TIRA REL,2849.0,178.25,5.561535,2.4795312804828162
2021,5,BLANK,BKFF,979.0,202.8571429,5.290742857142857,2.5516265606774096
2021,5,CHAPA,CFQ,7107.0,202.8571429,5.290742857142857,1.748506924339395
2021,5,CHAPA,CG DO LTQ,22495.0,202.8571429,5.290742857142857,1.87414134060676
2021,5,FITA,TFF OL BOB,26646.0,202.8571429,5.290742857142857,2.4618703738009393
2021,5,FITA,TFQ DEC BOB,7298.0,202.8571429,5.290742857142857,2.1467808075409893
2021,5,FITA,TZC BOB,131358.0,202.8571429,5.290742857142857,2.448507398097764
2021,5,RELAMINADO,TIRA REL,5767.0,202.8571429,5.290742857142857,2.806846899509112
2021,6,CHAPA,CFF OL,1484.0,215.8157895,5.03705,2.942198310519054
2021,6,CHAPA,CFQ,10902.0,215.8157895,5.03705,2.024355060099872
2021,6,CHAPA,CG DO LTQ,18198.0,215.8157895,5.03705,2.044847678700827
2021,6,FITA,TFF OL BOB,2010.0,215.8157895,5.03705,2.4238107069401806
2021,6,FITA,TZC BOB,56011.0,215.8157895,5.03705,2.720582799925708
2021,6,RELAMINADO,TIRA REL,1872.0,215.8157895,5.03705,3.011683425814713
2021,7,CHAPA,CFQ,39945.0,214.3409091,5.156027272727273,2.090668076320183
2021,7,CHAPA,CG DO LCG,3655.0,214.3409091,5.156027272727273,2.176586959310257
2021,7,CHAPA,CG DO LTQ,20843.0,214.3409091,5.156027272727273,2.0661486972961347
2021,7,FITA,TFF OL BOB,17118.0,214.3409091,5.156027272727273,2.7956124433010046
2021,7,FITA,TFQ DEC BOB,3240.0,214.3409091,5.156027272727273,2.4514998333812326
2021,7,FITA,TZC BOB,104673.0,214.3409091,5.156027272727273,2.7883334881501303
2021,7,RELAMINADO,TIRA REL,5514.0,214.3409091,5.156027272727273,3.29323316224789
2021,8,BOBINA,BOBINA GR LTQ,25425.0,162.0909091,5.251122727272727,1.6567885482498548
2021,8,CHAPA,CFQ,13902.0,162.0909091,5.251122727272727,2.100886738257692
2021,8,CHAPA,CFQ DEC OL,14732.0,162.0909091,5.251122727272727,1.9957636765124689
2021,8,CHAPA,CG DO LCG,4192.0,162.0909091,5.251122727272727,2.1328772115400434
2021,8,CHAPA,CG DO LTQ,13117.0,162.0909091,5.251122727272727,2.041377594508097
2021,8,FITA,TFF OL BOB,9977.0,162.0909091,5.251122727272727,2.9153698006547715
2021,8,FITA,TFQ DEC BOB,809.0,162.0909091,5.251122727272727,2.4071042815951915
2021,8,FITA,TZC BOB,73440.0,162.0909091,5.251122727272727,2.7046004184454437
2021,8,RELAMINADO,TIRA REL,4206.0,162.0909091,5.251122727272727,3.2335942010669583
2021,9,BOBINA,BOBINA GR LTQ,19725.0,113.71875,5.2790904761904764,1.5911831854152365
2021,9,CHAPA,CFF OL,16022.0,113.71875,5.2790904761904764,2.211551772515294
2021,9,CHAPA,CFQ,33952.0,113.71875,5.2790904761904764,1.9591407821173537
2021,9,CHAPA,CG DO LCG,3542.0,113.71875,5.2790904761904764,2.0599203552012373
2021,9,CHAPA,CG DO LTQ,17403.0,113.71875,5.2790904761904764,1.9338903871664113
2021,9,FITA,TFF OL BOB,23373.0,113.71875,5.2790904761904764,2.5886461377362204
2021,9,FITA,TZC BOB,65283.0,113.71875,5.2790904761904764,2.571359788888756
2021,10,BLANK,BKFF,933.0,114.4761905,5.539375,2.328782579262101
2021,10,BOBINA,BOBINA GR LTQ,51110.0,114.4761905,5.539375,1.5164165632404378
2021,10,CHAPA,CFF OL,23340.0,114.4761905,5.539375,1.6969423445785852
2021,10,CHAPA,CFQ,4603.0,114.4761905,5.539375,1.8269209071420511
2021,10,CHAPA,CG DO LCG,4286.0,114.4761905,5.539375,1.9406521493850841
2021,10,FITA,TFF OL BOB,18236.0,114.4761905,5.539375,2.4708075452470832
2021,10,FITA,TZC BOB,70640.0,114.4761905,5.539375,2.3955612226839436
2021,11,BOBINA,BOBINA ZC,8315.0,90.13157895,5.55626,2.4566884918992273
2021,11,CHAPA,CFF OL,890.0,90.13157895,5.55626,1.8339674529269692
2021,11,CHAPA,CFQ DEC OL,5483.0,90.13157895,5.55626,1.6251939254102579
2021,11,CHAPA,CG DO LCG,5769.0,90.13157895,5.55626,1.7457786352690479
2021,11,CHAPA,CG DO LTQ,10065.0,90.13157895,5.55626,1.634619615478659
2021,11,CHAPA,CZC,2000.0,90.13157895,5.55626,1.8987592373287068
2021,11,FITA,TFQ DEC BOB,8035.0,90.13157895,5.55626,1.796423115851337
2021,11,FITA,TZC BOB,84857.0,90.13157895,5.55626,2.16383615976776
2021,12,CHAPA,CFQ,3062.0,110.4565217,5.650604347826087,1.6565513043244429
2021,12,CHAPA,CG DO LCG,4710.0,110.4565217,5.650604347826087,1.7166305412503011
2021,12,CHAPA,CG DO LTQ,7608.0,110.4565217,5.650604347826087,1.6387899798809211
2021,12,CHAPA,CZC,5882.0,110.4565217,5.650604347826087,1.7279682566437493
2021,12,FITA,TFF OL BOB,10591.0,110.4565217,5.650604347826087,2.194013733329557
2021,12,FITA,TZC BOB,80139.0,110.4565217,5.650604347826087,2.019234753873535
2022,1,CHAPA,CFQ,7936.0,133.0454545,5.533504761904761,1.519742255570007
2022,1,CHAPA,CG DO LCG,7625.0,133.0454545,5.533504761904761,1.7366931833437176
2022,1,CHAPA,CG DO LTQ,2201.0,133.0454545,5.533504761904761,1.7403075291987515
2022,1,FITA,TFF OL BOB,14351.0,133.0454545,5.533504761904761,2.3394616032391697
2022,1,FITA,TFQ DEC BOB,8511.0,133.0454545,5.533504761904761,1.7842491586968023
2022,1,FITA,TZC BOB,44993.0,133.0454545,5.533504761904761,2.0374552303845754
2022,2,BLANK,BKFF,391.0,139.7,5.159921428571429,1.5310310649802255
2022,2,CHAPA,CFF OL,852.0,139.7,5.159921428571429,1.908943796209521
2022,2,CHAPA,CFQ,435.0,139.7,5.159921428571429,1.6085516252323888
2022,2,CHAPA,CFQ PISO,1615.0,139.7,5.159921428571429,1.8023530258627969
2022,2,CHAPA,CG DO LCG,2330.0,139.7,5.159921428571429,1.7505706224394204
2022,2,CHAPA,CG DO LTQ,5197.0,139.7,5.159921428571429,1.5347027382351937
2022,2,CHAPA,CZC,1374.0,139.7,5.159921428571429,1.8992537261780011
2022,2,FITA,TFF OL BOB,17924.0,139.7,5.159921428571429,2.490361946092646
2022,2,FITA,TFQ DEC BOB,7213.0,139.7,5.159921428571429,1.7897638609847464
2022,2,FITA,TZC BOB,47194.0,139.7,5.159921428571429,2.1448538217989563
2022,3,BOBINA,BOBINA ZC,12270.0,147.3478261,4.967781818181819,2.0632951234866117
2022,3,CHAPA,CFQ,21439.0,147.3478261,4.967781818181819,1.6356500335915152
2022,3,CHAPA,CG DO LCG,4845.0,147.3478261,4.967781818181819,1.878351089401922
2022,3,CHAPA,CG DO LTQ,18376.0,147.3478261,4.967781818181819,1.6320787772729224
2022,3,FITA,TFF OL BOB,25906.0,147.3478261,4.967781818181819,2.368386863289293
2022,3,FITA,TFQ DEC BOB,5614.0,147.3478261,4.967781818181819,1.8830653881828976
2022,3,FITA,TZC BOB,71633.0,147.3478261,4.967781818181819,2.116344674009058
2022,4,CHAPA,CFQ,102318.0,146.6666667,4.757415789473685,1.8077856727983044
2022,4,CHAPA,CG DO LCG,13459.0,146.6666667,4.757415789473685,2.0404252598686394
2022,4,CHAPA,CG DO LTQ,15063.0,146.6666667,4.757415789473685,1.8367358036055557
2022,4,FITA,TFF OL BOB,29292.0,146.6666667,4.757415789473685,2.3994942676945126
2022,4,FITA,TFQ DEC BOB,2016.0,146.6666667,4.757415789473685,2.023266676549667
2022,4,FITA,TZC BOB,84724.0,146.6666667,4.757415789473685,2.5142395865351284
2022,5,CHAPA,CFQ,6920.0,131.0909091,4.9544500000000005,1.8439089935905693
2022,5,CHAPA,CG DO LTQ,17504.0,131.0909091,4.9544500000000005,1.9093544567610565
2022,5,FITA,TFF OL BOB,17786.0,131.0909091,4.9544500000000005,2.590483710062063
2022,5,FITA,TFQ DEC BOB,6209.0,131.0909091,4.9544500000000005,2.029032074402672
2022,5,FITA,TZC BOB,52377.0,131.0909091,4.9544500000000005,2.566012646858835
2022,6,BOBINA,BOBINA GALVALUME,23205.0,131.0454545,5.048609523809524,2.281816398291656
2022,6,CHAPA,CFF OL,2650.0,131.0454545,5.048609523809524,1.9866542385844403
2022,6,CHAPA,CG DO LCG,1484.0,131.0454545,5.048609523809524,2.1491065904049016
2022,6,CHAPA,CG DO LTQ,14034.0,131.0454545,5.048609523809524,1.9767401373761908
2022,6,FITA,TFF OL BOB,31185.0,131.0454545,5.048609523809524,2.257588575084765
2022,6,FITA,TFQ DEC BOB,1653.0,131.0454545,5.048609523809524,2.315456682773175
2022,6,FITA,TZC BOB,79621.0,131.0454545,5.048609523809524,2.470124641797429
2022,7,CHAPA,CG DO LTQ,8875.0,109.047619,5.36747619047619,1.7959041333355494
2022,7,FITA,TFF OL BOB,27256.0,109.047619,5.36747619047619,2.2301725527403855
2022,7,FITA,TFQ DEC BOB,2957.0,109.047619,5.36747619047619,1.7952085081780058
2022,7,FITA,TZC BOB,84233.0,109.047619,5.36747619047619,2.213712865172395
2022,8,CHAPA,CG DO LCG,6476.0,109.0652174,5.142695652173913,2.0495088010009974
2022,8,CHAPA,CG DO LTQ,9568.0,109.0652174,5.142695652173913,1.7260524636039296
2022,8,FITA,TFF OL BOB,21938.0,109.0652174,5.142695652173913,2.4221258869165094
2022,8,FITA,TFQ DEC BOB,8141.0,109.0652174,5.142695652173913,1.8636966225720515
2022,8,FITA,TZC BOB,83985.0,109.0652174,5.142695652173913,2.224362088458112
2022,9,BOBINA,BOBINA ZC,4030.0,100.8409091,5.236357142857143,2.40434325935424
2022,9,CHAPA,CG DO LCG,3447.0,100.8409091,5.236357142857143,1.893236802845606
2022,9,CHAPA,CG DO LTQ,15662.0,100.8409091,5.236357142857143,1.5439366105772006
2022,9,FITA,TFF OL BOB,20575.0,100.8409091,5.236357142857143,1.9604019517776479
2022,9,FITA,TFQ DEC BOB,9652.0,100.8409091,5.236357142857143,1.5700935659336652
2022,9,FITA,TZC BOB,94092.0,100.8409091,5.236357142857143,2.1053425196930324
2022,10,CHAPA,CFQ,34632.0,94.61904762,5.249695,1.3003286531558174
2022,10,CHAPA,CG DO LCG,2570.0,94.61904762,5.249695,1.9220164219064155
2022,10,CHAPA,CG DO LTQ,19828.0,94.61904762,5.249695,1.466516987234416
2022,10,FITA,TFF OL BOB,30837.0,94.61904762,5.249695,2.044187895306652
2022,10,FITA,TFQ DEC BOB,945.0,94.61904762,5.249695,1.5048493293419904
2022,10,FITA,TZC BOB,85339.0,94.61904762,5.249695,1.9935547115553967
2022,11,BOBINA,BOBINA ZC,6475.0,94.56818182,5.274055,2.2487440878034075
2022,11,CHAPA,CG DO LTQ,14522.0,94.56818182,5.274055,1.458983324549162
2022,11,FITA,TFF OL BOB,26225.0,94.56818182,5.274055,1.925331801633082
2022,11,FITA,TFQ DEC BOB,4949.0,94.56818182,5.274055,1.497898675686924
2022,11,FITA,TZC BOB,43078.0,94.56818182,5.274055,2.0243370205295457
2022,12,CHAPA,CFF OL,167.0,111.4090909,5.241831818181819,1.3735656254796422
2022,12,CHAPA,CFQ,68814.0,111.4090909,5.241831818181819,1.2758870143778795
2022,12,CHAPA,CG DO LCG,2132.0,111.4090909,5.241831818181819,1.9248996057068875
2022,12,CHAPA,CG DO LTQ,25588.0,111.4090909,5.241831818181819,1.3486012616954655
2022,12,FITA,TFF OL BOB,20386.0,111.4090909,5.241831818181819,1.6039092883397832
2022,12,FITA,TZC BOB,73693.0,111.4090909,5.241831818181819,1.840652069684785
2023,1,CHAPA,CFQ,11469.0,122.4318182,5.200081818181818,1.3029641329804253
2023,1,CHAPA,CG DO LCG,3249.0,122.4318182,5.200081818181818,1.9403540853378185
2023,1,FITA,TFF OL BOB,18234.0,122.4318182,5.200081818181818,1.8471523430847303
2023,1,FITA,TFQ DEC BOB,2188.0,122.4318182,5.200081818181818,1.5057455389687924
2023,1,FITA,TZC BOB,62637.0,122.4318182,5.200081818181818,1.8503302832291877
2023,2,CHAPA,CFQ,695.0,127.075,5.171088888888889,1.2279812117800248
2023,2,CHAPA,CG DO LCG,3455.0,127.075,5.171088888888889,1.95123313808826
2023,2,CHAPA,CG DO LTQ,3902.0,127.075,5.171088888888889,1.4045543408821655
2023,2,FITA,TFF OL BOB,29534.0,127.075,5.171088888888889,1.9841521614181679
2023,2,FITA,TFQ DEC BOB,3575.0,127.075,5.171088888888889,1.5207152719905246
2023,2,FITA,TZC BOB,32646.0,127.075,5.171088888888889,2.026151139688619
2023,3,BOBINA,BOBINA FQ,23440.0,127.9782609,5.210860869565217,1.2454755869429903
2023,3,BOBINA,BOBINA GALVALUME,63175.0,127.9782609,5.210860869565217,1.6887804568718514
2023,3,CHAPA,CFQ,9066.0,127.9782609,5.210860869565217,1.3992303298128048
2023,3,CHAPA,CG DO LCG,1285.0,127.9782609,5.210860869565217,1.9363403192996567
2023,3,CHAPA,CG DO LTQ,7361.0,127.9782609,5.210860869565217,1.2205276938301108
2023,3,FITA,TFF OL BOB,25474.0,127.9782609,5.210860869565217,2.009425166222419
2023,3,FITA,TFQ DEC BOB,4314.0,127.9782609,5.210860869565217,1.5760571906007221
2023,3,FITA,TZC BOB,77975.0,127.9782609,5.210860869565217,1.9241579801238349
2023,4,BOBINA,BOBINA FQ,24395.0,117.125,5.019133333333333,1.293051921314437
2023,4,BOBINA,BOBINA GALVALUME,47900.0,117.125,5.019133333333333,1.8907908783737604
2023,4,CHAPA,CG DO LCG,2410.0,117.125,5.019133333333333,1.8827951704809596
2023,4,FITA,TFF OL BOB,40845.0,117.125,5.019133333333333,1.9096024179252737
2023,4,FITA,TFQ DEC BOB,12252.0,117.125,5.019133333333333,1.636780985675618
2023,4,FITA,TZC BOB,99069.0,117.125,5.019133333333333,1.9556423109059409
2023,5,BOBINA,BOBINA GALVALUME,23975.0,104.5217391,4.982240909090909,1.9268437988382372
2023,5,BOBINA,BOBINA ZC,22675.0,104.5217391,4.982240909090909,1.5153823626279885
2023,5,CHAPA,CFQ,97092.0,104.5217391,4.982240909090909,1.3149989029872406
2023,5,CHAPA,CG DO LCG,2967.0,104.5217391,4.982240909090909,1.8826869617815278
2023,5,CHAPA,CG DO LTQ,3818.0,104.5217391,4.982240909090909,1.2584698561162235
2023,5,FITA,TFF OL BOB,32931.0,104.5217391,4.982240909090909,1.7798980182016206
2023,5,FITA,TFQ DEC BOB,6224.0,104.5217391,4.982240909090909,1.7102560738887256
2023,5,FITA,TZC BOB,52523.0,104.5217391,4.982240909090909,1.9989400559352466
2023,6,CHAPA,CFQ,5891.0,113.0909091,4.850966666666666,1.3564306770471866
2023,6,CHAPA,CG DO LCG,5102.0,113.0909091,4.850966666666666,1.9530827824108867
2023,6,CHAPA,CG DO LTQ,5915.0,113.0909091,4.850966666666666,1.3564306770471863
2023,6,FITA,TFF OL BOB,21078.0,113.0909091,4.850966666666666,2.071697742502002
2023,6,FITA,TFQ DEC BOB,7211.0,113.0909091,4.850966666666666,1.6890311160755618
2023,6,FITA,TZC BOB,57036.0,113.0909091,4.850966666666666,2.083095172895908
2023,7,CHAPA,CFQ,8883.0,113.9761905,4.800233333333334,1.5811731374169309
2023,7,CHAPA,CG DO LCG,1483.0,113.9761905,4.800233333333334,1.9103238037039865
2023,7,CHAPA,CG DO LTQ,4068.0,113.9761905,4.800233333333334,1.4106645872856107
2023,7,FITA,TFF OL BOB,28682.0,113.9761905,4.800233333333334,2.1069630576956544
2023,7,FITA,TFQ DEC BOB,7480.0,113.9761905,4.800233333333334,1.7319545778170542
2023,7,FITA,TZC BOB,60703.0,113.9761905,4.800233333333334,1.9189417808999365
2023,8,BOBINA,BOBINA GALVALUME,40510.0,109.6086957,4.90294347826087,1.5296933430406048
2023,8,CHAPA,CFQ,8884.0,109.6086957,4.90294347826087,1.4705452004430346
2023,8,CHAPA,CG DO LCG,3351.0,109.6086957,4.90294347826087,1.870305060757646
2023,8,FITA,TFF OL BOB,44706.0,109.6086957,4.90294347826087,1.9061103644300876
2023,8,FITA,TFQ DEC BOB,2835.0,109.6086957,4.90294347826087,1.703213266571687
2023,8,FITA,TZC BOB,75910.0,109.6086957,4.90294347826087,1.830383698474771
2023,9,CHAPA,CG DO LCG,958.0,120.4285714,4.93639,1.7745761578805563
2023,9,CHAPA,CZC,4922.0,120.4285714,4.93639,1.5782553216172999
2023,9,FITA,TFF OL BOB,39906.0,120.4285714,4.93639,1.6353894469974655
2023,9,FITA,TFQ DEC BOB,4789.0,120.4285714,4.93639,1.661608814018094
2023,9,FITA,TZC BOB,47273.0,120.4285714,4.93639,1.9087226399648407
2023,10,CHAPA,CFF OL,1088.0,118.75,5.064242857142856,1.342747611404328
2023,10,CHAPA,CFQ,11594.0,118.75,5.064242857142856,1.2238355784554413
2023,10,CHAPA,CG DO LCG,10030.0,118.75,5.064242857142856,1.6567135970121047
2023,10,CHAPA,CZC,4235.0,118.75,5.064242857142856,1.4928194032671647
2023,10,FITA,TFF OL BOB,45994.0,118.75,5.064242857142856,1.6466987332427925
2023,10,FITA,TFQ DEC BOB,2667.0,118.75,5.064242857142856,1.54879313417332
2023,10,FITA,TZC BOB,66928.0,118.75,5.064242857142856,1.8442153565752641
2023,11,CHAPA,CFF OL,1017.0,131.25,4.897735,1.445566164768
2023,11,CHAPA,CFQ,18070.0,131.25,4.897735,1.1299267730303502
2023,11,CHAPA,CG DO LCG,7229.0,131.25,4.897735,1.7130367404524747
2023,11,CHAPA,CG DO LTQ,19430.0,131.25,4.897735,1.2338309116230748
2023,11,CHAPA,CZC,1858.0,131.25,4.897735,1.5313200897966102
2023,11,FITA,TFF OL BOB,31871.0,131.25,4.897735,1.6456983116585922
2023,11,FITA,TFQ DEC BOB,2437.0,131.25,4.897735,1.5966564136279322
2023,11,FITA,TZC BOB,55254.0,131.25,4.897735,1.8905749035632071
2023,12,CHAPA,CFQ,24598.0,137.547619,4.89664,1.112879748892581
2023,12,CHAPA,CG DO LTQ,3063.0,137.547619,4.89664,1.3621585413671415
2023,12,FITA,TFF OL BOB,5319.0,137.547619,4.89664,1.7510439808717733
2023,12,FITA,TFQ DEC BOB,4309.0,137.547619,4.89664,1.5247116922725348
2023,12,FITA,TZC BOB,71433.0,137.547619,4.89664,1.87219679548212
2024,1,BOBINA,BOBINA GALVALUME,23575.0,136.5869565,4.913795454545454,1.4754378905400845
2024,1,CHAPA,CFF OL,1527.0,136.5869565,4.913795454545454,1.3024555171664194
2024,1,CHAPA,CFQ,69318.0,136.5869565,4.913795454545454,1.1607347043960619
2024,1,CHAPA,CG DO LTQ,22996.0,136.5869565,4.913795454545454,1.220929212920016
2024,1,FITA,TFF OL BOB,9933.0,136.5869565,4.913795454545454,1.8393904029085046
2024,1,FITA,TFQ DEC BOB,1998.0,136.5869565,4.913795454545454,1.6036483555111538
2024,1,FITA,TZC BOB,73363.0,136.5869565,4.913795454545454,1.7643472800543902
2024,2,CHAPA,CFQ,30984.0,125.9285714,4.96378947368421,1.1301994826977153
2024,2,CHAPA,CG DO LTQ,29606.0,125.9285714,4.96378947368421,1.1678569866260693
2024,2,FITA,TFF OL BOB,23713.0,125.9285714,4.96378947368421,1.7475759620757108
2024,2,FITA,TFQ DEC BOB,2366.0,125.9285714,4.96378947368421,1.4263296293154635
2024,2,FITA,TZC BOB,58899.0,125.9285714,4.96378947368421,1.8366585129460258
2024,3,BOBINA,BOBINA FQ,12145.0,110.1904762,4.979535,1.1647673929393005
2024,3,BOBINA,BOBINA GR LTQ,12335.0,110.1904762,4.979535,1.1065290232923353
2024,3,CHAPA,CFF OL,3232.0,110.1904762,4.979535,1.6005510554700388
2024,3,CHAPA,CFQ,18219.0,110.1904762,4.979535,1.2684284083607602
2024,3,CHAPA,CG DO LTQ,8392.0,110.1904762,4.979535,1.1799446229700337
2024,3,FITA,TFF OL BOB,25478.0,110.1904762,4.979535,1.5803472371345186
2024,3,FITA,TFQ DEC BOB,5246.0,110.1904762,4.979535,1.5111006804147127
2024,3,FITA,TZC BOB,41934.0,110.1904762,4.979535,1.906474684644444
2024,4,CHAPA,CFF OL,3046.0,112.2272727,5.128486363636363,1.487169230206025
2024,4,CHAPA,CFQ,31202.0,112.2272727,5.128486363636363,1.1196216368778813
2024,4,CHAPA,CG DO LTQ,32243.0,112.2272727,5.128486363636363,1.1672138027229944
2024,4,CHAPA,CZC,8920.0,112.2272727,5.128486363636363,1.5425131874435745
2024,4,FITA,TFF OL BOB,15891.0,112.2272727,5.128486363636363,1.5408849886317957
2024,4,FITA,TFQ DEC BOB,9688.0,112.2272727,5.128486363636363,1.4060806101529093
2024,4,FITA,TZC BOB,53427.0,112.2272727,5.128486363636363,1.8692141282530392
2024,5,BOBINA,BOBINA GR LTQ,37300.0,119.2391304,5.132447619047619,1.057974752601098
2024,5,CHAPA,CFF OL,3993.0,119.2391304,5.132447619047619,1.5528653366907461
2024,5,CHAPA,CFQ,26205.0,119.2391304,5.132447619047619,1.1236941331808805
2024,5,CHAPA,CG DO LTQ,10721.0,119.2391304,5.132447619047619,1.1900460627352294
2024,5,CHAPA,CZC,2998.0,119.2391304,5.132447619047619,1.4439310735285087
2024,5,FITA,FAE,493.0,119.2391304,5.132447619047619,1.9094203638104534
2024,5,FITA,TFF OL BOB,15581.0,119.2391304,5.132447619047619,1.5454801941475702
2024,5,FITA,TFQ DEC BOB,2388.0,119.2391304,5.132447619047619,1.4872614440248049
2024,5,FITA,TZC BOB,62229.0,119.2391304,5.132447619047619,1.7552290935967423
2024,6,CHAPA,CFF OL,2976.0,108.1,5.388375,1.3324982021481429
2024,6,CHAPA,CFQ,32354.0,108.1,5.388375,1.0696515988550062
2024,6,CHAPA,CG DO LCG,9420.0,108.1,5.388375,1.4777182360173522
2024,6,CHAPA,CZC,2916.0,108.1,5.388375,1.5403530749066279
2024,6,FITA,TFF OL BOB,13798.0,108.1,5.388375,1.4744246387331488
2024,6,FITA,TFQ DEC BOB,572.0,108.1,5.388375,1.3547683670865518
2024,6,FITA,TZC BOB,59875.0,108.1,5.388375,1.731758122103599
2024,7,BOBINA,BOBINA GR LTQ,13555.0,107.3913043,5.541447826086957,1.0286120484914867
2024,7,CHAPA,CFF OL,13015.0,107.3913043,5.541447826086957,1.3133715684894585
2024,7,CHAPA,CFQ,5853.0,107.3913043,5.541447826086957,1.0430487088211917
2024,7,CHAPA,CG DO LCG,2183.0,107.3913043,5.541447826086957,1.4436660329705076
2024,7,CHAPA,CG DO LTQ,28916.0,107.3913043,5.541447826086957,1.039306490412653
2024,7,CHAPA,CZC,8510.0,107.3913043,5.541447826086957,1.3853648695194578
2024,7,FITA,TFF OL BOB,12505.0,107.3913043,5.541447826086957,1.4873338999813908
2024,7,FITA,TFQ DEC BOB,4192.0,107.3913043,5.541447826086957,1.2773086628472803
2024,7,FITA,TZC BOB,55867.0,107.3913043,5.541447826086957,1.5310059932454718
2024,8,CHAPA,CFQ,9001.0,100.9090909,5.552013636363636,1.0900997431634745
2024,8,CHAPA,CG DO LTQ,18650.0,100.9090909,5.552013636363636,1.1707079666741207
2024,8,CHAPA,CZC,7537.0,100.9090909,5.552013636363636,1.504226254219052
2024,8,FITA,TFF OL BOB,17626.0,100.9090909,5.552013636363636,1.476327269084885
2024,8,FITA,TFQ DEC BOB,12021.0,100.9090909,5.552013636363636,1.331492860267991
2024,8,FITA,TZC BOB,29329.0,100.9090909,5.552013636363636,1.6426529121862166
2024,9,CHAPA,CFF OL,2728.0,96.23809524,5.540966666666667,1.3154716573111016
2024,9,CHAPA,CFQ,6858.0,96.23809524,5.540966666666667,1.1911279018703114
2024,9,CHAPA,CG DO LTQ,3886.0,96.23809524,5.540966666666667,1.2452700792280529
2024,9,CHAPA,CZC,1313.0,96.23809524,5.540966666666667,1.4149155682823094
2024,9,FITA,TFF OL BOB,20956.0,96.23809524,5.540966666666667,1.6167194506869331
2024,9,FITA,TFQ DEC BOB,3568.0,96.23809524,5.540966666666667,1.4068660670634088
2024,9,FITA,TZC BOB,70552.0,96.23809524,5.540966666666667,1.5889002897842868
2024,10,CHAPA,CFF OL,1609.0,106.6086957,5.623508695652174,1.2376614630970761
2024,10,CHAPA,CFQ,38602.0,106.6086957,5.623508695652174,1.038002936211808
2024,10,CHAPA,CFQ DEC OL,753.0,106.6086957,5.623508695652174,1.152305500124864
2024,10,CHAPA,CG DO LTQ,25871.0,106.6086957,5.623508695652174,1.1341369220318287
2024,10,CHAPA,CZC,3343.0,106.6086957,5.623508695652174,1.3941473952127983
2024,10,FITA,TFF OL BOB,13233.0,106.6086957,5.623508695652174,1.627680984167891
2024,10,FITA,TFQ DEC BOB,3559.0,106.6086957,5.623508695652174,1.3108694706057722
2024,10,FITA,TZC BOB,68993.0,106.6086957,5.623508695652174,1.544158554689071
2024,11,BOBINA,BOBINA GALVALUME,30900.0,103.9761905,5.806457894736842,1.369165185406086
2024,11,BOBINA,BOBINA ZC,34905.0,103.9761905,5.806457894736842,1.3654617085361065
2024,11,CHAPA,CFQ,37398.0,103.9761905,5.806457894736842,1.0248509317563028
2024,11,CHAPA,CFQ DEC OL,1792.0,103.9761905,5.806457894736842,1.1159987926328852
2024,11,CHAPA,CG DO LTQ,23427.0,103.9761905,5.806457894736842,1.033657442825083
2024,11,CHAPA,CZC,2974.0,103.9761905,5.806457894736842,1.3364429985850599
2024,11,FITA,TFF OL BOB,18238.0,103.9761905,5.806457894736842,1.4127532814424628
2024,11,FITA,TFQ DEC BOB,1700.0,103.9761905,5.806457894736842,1.1917764884289452
2024,11,FITA,TZC BOB,64494.0,103.9761905,5.806457894736842,1.4981709301067714
